2026-01-01T00:00:30,lb-01,2.3441
2026-01-01T00:00:39,db-03,3.7317
2026-01-01T00:00:58,cache-03,10.6025
2026-01-01T00:01:08,lb-01,1.6765
2026-01-01T00:03:44,cache-01,6.5682
2026-01-01T00:03:48,net-03,2.1789
2026-01-01T00:03:52,lb-01,4.0893
2026-01-01T00:03:54,lb-01,2.3827
2026-01-01T00:05:11,lb-01,18.7028
2026-01-01T00:05:36,cache-01,2.1604
2026-01-01T00:05:56,hd-01,5.4720
2026-01-01T00:06:14,db-02,0.7148
2026-01-01T00:06:54,net-01,25.9698
2026-01-01T00:08:12,net-01,0.6925
2026-01-01T00:08:18,hd-02,0.3930
2026-01-01T00:08:38,lb-02,0.0680
2026-01-01T00:08:45,db-02,1.7374
2026-01-01T00:09:29,net-02,0.2396
2026-01-01T00:09:43,cache-01,1.9082
2026-01-01T00:10:06,web-02,1.5388
2026-01-01T00:10:10,hd-02,0.5156
2026-01-01T00:10:17,web-03,8.9793
2026-01-01T00:11:01,lb-01,1.6294
2026-01-01T00:11:17,lb-01,1.3538
2026-01-01T00:12:01,cache-02,2.3629
2026-01-01T00:12:16,net-04,2.0159
2026-01-01T00:12:44,net-02,1.7870
2026-01-01T00:13:16,cache-01,0.7777
2026-01-01T00:14:42,hd-02,1.7460
2026-01-01T00:15:16,cache-02,1.4375
2026-01-01T00:15:20,lb-02,1.4623
2026-01-01T00:17:41,web-05,2.1643
2026-01-01T00:18:03,db-02,14.6446
2026-01-01T00:18:23,db-02,1.3778
2026-01-01T00:18:58,lb-02,1.9161
2026-01-01T00:19:07,lb-01,0.4733
2026-01-01T00:19:09,lb-02,2.7307
2026-01-01T00:19:37,web-02,0.4129
2026-01-01T00:21:10,web-04,2.2570
2026-01-01T00:21:12,hd-01,2.7991
2026-01-01T00:21:19,cache-02,1.1813
2026-01-01T00:22:36,net-04,2.2381
2026-01-01T00:22:44,net-01,0.2751
2026-01-01T00:22:52,hd-01,3.4899
2026-01-01T00:23:15,hd-02,0.8458
2026-01-01T00:24:03,net-03,0.0083
2026-01-01T00:26:13,net-02,4.7137
2026-01-01T00:26:28,db-01,3.7758
2026-01-01T00:26:41,web-01,1.3690
2026-01-01T00:26:43,lb-02,2.6992
2026-01-01T00:26:45,hd-02,4.0002
2026-01-01T00:27:09,cache-01,0.4099
2026-01-01T00:28:16,web-05,17.9758
2026-01-01T00:28:56,lb-01,1.6704
2026-01-01T00:29:28,db-01,1.8054
2026-01-01T00:29:58,lb-01,3.6498
2026-01-01T00:30:02,web-04,0.1687
2026-01-01T00:30:37,net-01,1.5460
2026-01-01T00:30:54,lb-02,4.1650
2026-01-01T00:31:53,net-01,0.1606
2026-01-01T00:32:21,db-02,4.6308
2026-01-01T00:34:24,hd-01,2.2106
2026-01-01T00:35:36,db-02,1.9804
2026-01-01T00:36:30,db-02,0.1179
2026-01-01T00:37:10,lb-02,0.0132
2026-01-01T00:37:51,lb-01,1.5207
2026-01-01T00:38:09,net-01,6.0899
2026-01-01T00:38:19,db-01,0.0037
2026-01-01T00:38:31,lb-01,0.9792
2026-01-01T00:38:36,lb-01,0.0777
2026-01-01T00:38:47,db-02,1.8856
2026-01-01T00:38:52,hd-01,4.9979
2026-01-01T00:38:56,web-02,1.5337
2026-01-01T00:39:09,net-03,6.5595
2026-01-01T00:39:22,web-02,0.3365
2026-01-01T00:39:46,lb-02,0.0990
2026-01-01T00:40:05,cache-02,2.8158
2026-01-01T00:40:23,hd-01,3.1726
2026-01-01T00:40:39,lb-01,2.2336
2026-01-01T00:41:43,db-03,0.1989
2026-01-01T00:42:04,lb-01,18.9379
2026-01-01T00:42:39,hd-01,11.7649
2026-01-01T00:43:47,db-02,0.1858
2026-01-01T00:45:20,net-04,7.2805
2026-01-01T00:46:10,cache-02,2.7632
2026-01-01T00:46:15,cache-02,1.1321
2026-01-01T00:46:46,hd-01,1.7280
2026-01-01T00:46:47,db-03,6.3818
2026-01-01T00:47:01,web-02,0.3214
2026-01-01T00:47:40,lb-02,0.1712
2026-01-01T00:48:50,web-01,0.7216
2026-01-01T00:49:14,net-03,0.4319
2026-01-01T00:50:07,hd-01,0.3789
2026-01-01T00:51:03,db-03,17.7783
2026-01-01T00:51:08,cache-01,17.4278
2026-01-01T00:51:14,cache-02,2.5208
2026-01-01T00:52:05,hd-02,3.6321
2026-01-01T00:52:25,cache-01,0.9919
2026-01-01T00:52:50,lb-01,0.8099
2026-01-01T00:53:09,lb-01,9.1443
2026-01-01T00:53:50,net-01,0.2517
2026-01-01T00:54:09,db-01,1.8186
2026-01-01T00:55:02,net-03,24.0618
2026-01-01T00:55:13,cache-03,2.6362
2026-01-01T00:55:50,net-02,0.4297
2026-01-01T00:56:03,lb-02,1.0616
2026-01-01T00:56:48,net-04,2.2571
2026-01-01T00:57:03,hd-02,1.2842
2026-01-01T00:57:09,web-02,6.8069
2026-01-01T00:57:44,hd-01,5.5081
2026-01-01T00:58:03,cache-02,2.1763
2026-01-01T00:59:49,hd-02,1.1487
2026-01-01T01:00:08,web-05,39.5923
2026-01-01T01:01:26,hd-02,0.7251
2026-01-01T01:01:48,net-04,1.3249
2026-01-01T01:02:38,web-02,0.7987
2026-01-01T01:03:54,cache-03,0.3290
2026-01-01T01:04:53,hd-02,0.8540
2026-01-01T01:05:17,web-01,0.0938
2026-01-01T01:06:04,hd-01,0.4969
2026-01-01T01:06:47,cache-02,2.5408
2026-01-01T01:06:57,web-02,0.9899
2026-01-01T01:07:10,net-02,0.1190
2026-01-01T01:07:53,hd-02,4.3052
2026-01-01T01:08:27,db-01,2.4394
2026-01-01T01:09:21,lb-02,2.3021
2026-01-01T01:09:44,db-03,1.1273
2026-01-01T01:09:54,net-02,0.4800
2026-01-01T01:10:58,hd-02,3.7981
2026-01-01T01:11:54,lb-01,18.7055
2026-01-01T01:13:15,cache-02,1.6644
2026-01-01T01:13:18,lb-02,0.8439
2026-01-01T01:14:07,net-01,3.0718
2026-01-01T01:14:20,net-03,3.2836
2026-01-01T01:14:24,web-03,0.1520
2026-01-01T01:14:43,hd-01,5.0984
2026-01-01T01:15:00,db-01,0.2122
2026-01-01T01:15:01,web-02,0.4515
2026-01-01T01:15:38,cache-02,20.7931
2026-01-01T01:15:51,lb-01,0.4679
2026-01-01T01:15:58,hd-02,0.0776
2026-01-01T01:16:18,web-01,100.0000
2026-01-01T01:16:42,db-02,1.2844
2026-01-01T01:16:58,net-01,1.4618
2026-01-01T01:17:40,cache-02,0.3127
2026-01-01T01:20:05,db-03,3.4746
2026-01-01T01:22:10,net-02,4.5374
2026-01-01T01:22:31,net-03,5.1150
2026-01-01T01:23:11,db-02,0.2572
2026-01-01T01:23:33,web-03,1.4773
2026-01-01T01:23:40,lb-02,9.8138
2026-01-01T01:24:08,net-01,2.6012
2026-01-01T01:24:36,db-03,1.2570
2026-01-01T01:25:57,web-02,2.4401
2026-01-01T01:26:11,hd-01,0.2757
2026-01-01T01:26:37,lb-02,12.6655
2026-01-01T01:27:02,lb-01,0.3307
2026-01-01T01:27:36,cache-03,1.8457
2026-01-01T01:28:10,lb-02,7.5534
2026-01-01T01:28:26,cache-01,0.7063
2026-01-01T01:29:28,web-03,2.5622
2026-01-01T01:29:54,hd-01,4.8525
2026-01-01T01:29:58,hd-01,97.5007
2026-01-01T01:30:07,lb-02,2.0973
2026-01-01T01:30:30,lb-02,1.5124
2026-01-01T01:30:34,net-04,2.9009
2026-01-01T01:30:35,cache-01,3.4497
2026-01-01T01:33:27,hd-02,20.4901
2026-01-01T01:34:07,web-04,0.8414
2026-01-01T01:34:11,hd-02,14.7153
2026-01-01T01:34:46,cache-03,0.4863
2026-01-01T01:35:24,cache-03,0.2589
2026-01-01T01:35:24,net-01,0.1408
2026-01-01T01:35:29,web-02,2.2964
2026-01-01T01:36:20,hd-01,3.5718
2026-01-01T01:38:08,net-04,0.8600
2026-01-01T01:39:18,net-03,12.5101
2026-01-01T01:39:53,web-01,3.0854
2026-01-01T01:40:12,lb-02,1.9249
2026-01-01T01:40:55,hd-02,0.0797
2026-01-01T01:42:05,hd-01,1.6472
2026-01-01T01:42:13,web-03,5.7016
2026-01-01T01:42:25,lb-02,1.6527
2026-01-01T01:42:47,lb-01,2.9053
2026-01-01T01:43:59,lb-01,1.8220
2026-01-01T01:44:06,net-02,0.2509
2026-01-01T01:44:30,hd-02,10.6866
2026-01-01T01:47:03,lb-01,0.5299
2026-01-01T01:47:10,net-02,2.4106
2026-01-01T01:48:21,web-02,2.6063
2026-01-01T01:48:47,lb-01,7.0249
2026-01-01T01:49:10,cache-02,2.3815
2026-01-01T01:49:14,cache-01,2.4621
2026-01-01T01:49:52,web-04,1.4834
2026-01-01T01:50:38,hd-02,0.6307
2026-01-01T01:50:42,net-02,1.0228
2026-01-01T01:51:43,hd-02,1.2208
2026-01-01T01:51:45,db-01,1.4837
2026-01-01T01:54:00,cache-01,0.9551
2026-01-01T01:54:11,net-01,2.5945
2026-01-01T01:55:11,web-05,16.1829
2026-01-01T01:55:30,web-02,0.3773
2026-01-01T01:55:46,hd-01,2.6402
2026-01-01T01:56:36,hd-02,1.5882
2026-01-01T01:56:37,cache-01,1.6318
2026-01-01T01:57:12,net-04,8.3346
2026-01-01T01:57:16,lb-01,0.1504
2026-01-01T01:57:17,hd-02,0.0281
2026-01-01T01:57:19,web-05,0.2634
2026-01-01T01:58:50,hd-02,0.0240
2026-01-01T01:59:02,lb-02,1.2674
2026-01-01T01:59:06,hd-02,0.3854
2026-01-01T02:00:12,web-01,0.0140
2026-01-01T02:00:59,db-02,2.8521
2026-01-01T02:01:12,lb-01,4.8477
2026-01-01T02:01:19,web-03,0.2173
2026-01-01T02:01:51,web-04,0.3299
2026-01-01T02:02:09,lb-01,1.1361
2026-01-01T02:02:09,cache-01,0.2615
2026-01-01T02:02:12,lb-01,7.3815
2026-01-01T02:02:23,cache-02,1.1959
2026-01-01T02:03:03,hd-02,14.4774
2026-01-01T02:03:09,cache-02,0.7861
2026-01-01T02:04:05,db-01,0.2651
2026-01-01T02:04:14,web-04,4.3150
2026-01-01T02:04:23,web-03,5.6979
2026-01-01T02:04:27,web-05,5.8161
2026-01-01T02:05:44,web-04,15.7389
2026-01-01T02:07:26,lb-01,1.6339
2026-01-01T02:07:37,hd-02,4.1308
2026-01-01T02:07:49,web-03,1.8611
2026-01-01T02:08:18,web-04,0.7607
2026-01-01T02:09:01,hd-01,0.1382
2026-01-01T02:09:10,db-02,3.4082
2026-01-01T02:14:14,net-02,6.8212
2026-01-01T02:14:36,db-03,0.4276
2026-01-01T02:14:52,db-02,5.1492
2026-01-01T02:14:52,web-02,4.9636
2026-01-01T02:14:55,web-01,6.2826
2026-01-01T02:14:58,hd-02,9.2116
2026-01-01T02:17:20,db-02,1.0143
2026-01-01T02:17:39,cache-03,0.1320
2026-01-01T02:17:48,net-04,1.1633
2026-01-01T02:18:03,web-03,1.8308
2026-01-01T02:19:07,cache-02,2.9915
2026-01-01T02:20:41,web-02,0.4413
2026-01-01T02:21:47,web-03,2.3660
2026-01-01T02:21:59,lb-02,1.6075
2026-01-01T02:22:05,db-01,0.1083
2026-01-01T02:22:11,db-02,6.6995
2026-01-01T02:22:34,hd-01,1.2601
2026-01-01T02:23:27,lb-01,1.9779
2026-01-01T02:23:41,web-03,10.0719
2026-01-01T02:25:35,web-01,1.1708
2026-01-01T02:25:59,cache-01,0.3817
2026-01-01T02:26:09,lb-01,2.8307
2026-01-01T02:27:01,hd-01,2.5264
2026-01-01T02:27:18,db-03,0.4923
2026-01-01T02:27:19,web-04,1.3718
2026-01-01T02:27:24,db-01,52.0438
2026-01-01T02:28:02,net-03,11.8954
2026-01-01T02:28:14,net-04,0.6862
2026-01-01T02:29:30,lb-01,1.3102
2026-01-01T02:29:54,lb-01,2.4478
2026-01-01T02:29:58,db-02,1.4450
2026-01-01T02:31:45,db-01,2.9526
2026-01-01T02:31:51,cache-01,0.9588
2026-01-01T02:33:51,web-01,1.1884
2026-01-01T02:34:03,db-02,1.0566
2026-01-01T02:35:03,cache-02,0.0725
2026-01-01T02:35:11,db-01,4.2184
2026-01-01T02:36:07,db-02,1.3426
2026-01-01T02:37:26,db-02,1.9503
2026-01-01T02:38:26,lb-01,0.2888
2026-01-01T02:38:57,web-03,2.8111
2026-01-01T02:39:55,cache-02,0.6594
2026-01-01T02:40:08,cache-01,1.2061
2026-01-01T02:40:26,web-01,15.2920
2026-01-01T02:40:53,db-01,5.3418
2026-01-01T02:41:09,hd-02,0.6582
2026-01-01T02:41:13,db-01,5.5066
2026-01-01T02:41:51,db-03,1.8340
2026-01-01T02:42:52,db-03,0.2639
2026-01-01T02:43:15,cache-03,1.4099
2026-01-01T02:43:35,cache-02,9.5790
2026-01-01T02:43:48,db-01,4.9325
2026-01-01T02:44:00,cache-03,5.1785
2026-01-01T02:44:19,hd-02,25.7371
2026-01-01T02:44:46,web-05,0.2700
2026-01-01T02:44:53,cache-02,2.9842
2026-01-01T02:45:50,cache-02,3.5838
2026-01-01T02:46:03,web-04,2.0366
2026-01-01T02:47:08,net-01,0.7567
2026-01-01T02:47:21,web-01,0.1375
2026-01-01T02:47:41,lb-01,11.5765
2026-01-01T02:47:52,web-03,2.7606
2026-01-01T02:48:08,lb-02,6.1089
2026-01-01T02:48:11,lb-02,0.9138
2026-01-01T02:48:22,hd-01,7.6444
2026-01-01T02:48:47,cache-03,1.7528
2026-01-01T02:49:33,lb-02,0.4441
2026-01-01T02:49:41,net-04,0.9058
2026-01-01T02:49:55,web-04,0.5280
2026-01-01T02:50:07,hd-02,0.9705
2026-01-01T02:51:01,lb-01,1.1807
2026-01-01T02:52:23,hd-01,3.9691
2026-01-01T02:52:34,net-03,0.7430
2026-01-01T02:53:28,db-01,2.0235
2026-01-01T02:53:35,hd-01,1.7619
2026-01-01T02:53:50,net-03,0.2613
2026-01-01T02:54:08,lb-02,0.8484
2026-01-01T02:54:54,net-02,1.7913
2026-01-01T02:54:59,net-04,0.1770
2026-01-01T02:55:07,cache-03,2.4493
2026-01-01T02:55:08,net-03,0.8644
2026-01-01T02:55:21,cache-02,0.6541
2026-01-01T02:56:25,cache-03,0.4775
2026-01-01T02:58:39,cache-01,2.0772
2026-01-01T02:59:19,cache-01,26.4803
2026-01-01T02:59:26,web-05,5.2376
2026-01-01T02:59:35,cache-01,0.0916
2026-01-01T02:59:48,hd-02,2.9873
2026-01-01T03:00:20,lb-01,0.8360
2026-01-01T03:00:27,net-03,6.6888
2026-01-01T03:00:27,cache-02,0.9921
2026-01-01T03:02:34,web-03,0.7551
2026-01-01T03:02:58,cache-03,1.6626
2026-01-01T03:03:37,web-03,0.4819
2026-01-01T03:03:51,db-01,0.1093
2026-01-01T03:04:10,web-04,2.2842
2026-01-01T03:04:33,lb-02,6.9342
2026-01-01T03:05:17,hd-01,0.7467
2026-01-01T03:05:19,web-03,1.1453
2026-01-01T03:05:51,net-02,0.5995
2026-01-01T03:05:56,lb-01,0.4183
2026-01-01T03:05:57,hd-01,1.2848
2026-01-01T03:05:58,hd-02,1.2092
2026-01-01T03:06:15,db-01,0.0846
2026-01-01T03:06:18,net-02,1.0543
2026-01-01T03:06:21,db-01,1.1642
2026-01-01T03:06:30,cache-03,3.2262
2026-01-01T03:08:17,cache-03,3.1246
2026-01-01T03:08:25,web-05,1.3879
2026-01-01T03:10:18,web-03,3.6402
2026-01-01T03:12:51,cache-02,7.3130
2026-01-01T03:13:31,web-05,8.2458
2026-01-01T03:13:45,net-01,1.9950
2026-01-01T03:14:13,lb-02,1.7421
2026-01-01T03:15:09,net-04,4.2248
2026-01-01T03:15:30,net-02,0.0489
2026-01-01T03:16:26,web-03,0.2246
2026-01-01T03:16:32,net-01,0.9520
2026-01-01T03:16:45,net-03,32.4286
2026-01-01T03:17:12,db-01,6.5604
2026-01-01T03:17:32,cache-02,0.7198
2026-01-01T03:17:36,net-02,1.4409
2026-01-01T03:17:41,hd-01,2.8544
2026-01-01T03:20:06,hd-01,0.1349
2026-01-01T03:20:07,web-01,3.4172
2026-01-01T03:21:22,cache-02,3.2848
2026-01-01T03:21:53,lb-01,1.0631
2026-01-01T03:21:55,web-01,1.7211
2026-01-01T03:22:39,cache-02,8.5047
2026-01-01T03:23:03,lb-02,3.4050
2026-01-01T03:23:25,hd-02,2.1632
2026-01-01T03:23:32,db-01,0.4751
2026-01-01T03:24:20,hd-02,0.3948
2026-01-01T03:24:23,db-01,1.1540
2026-01-01T03:24:44,net-02,0.2452
2026-01-01T03:25:11,cache-01,1.2186
2026-01-01T03:27:25,cache-01,34.9225
2026-01-01T03:28:08,hd-02,1.0447
2026-01-01T03:29:04,cache-01,1.0762
2026-01-01T03:29:20,web-05,0.3849
2026-01-01T03:29:26,cache-01,0.6722
2026-01-01T03:29:32,net-01,9.4823
2026-01-01T03:30:12,lb-01,0.1143
2026-01-01T03:30:58,cache-03,1.5268
2026-01-01T03:31:46,cache-02,1.1597
2026-01-01T03:32:12,cache-01,0.2356
2026-01-01T03:33:06,lb-02,7.0465
2026-01-01T03:33:06,web-05,0.1529
2026-01-01T03:33:14,db-01,0.1202
2026-01-01T03:33:17,db-03,2.4120
2026-01-01T03:33:43,lb-02,0.5656
2026-01-01T03:33:45,hd-01,0.9296
2026-01-01T03:34:18,lb-02,3.9508
2026-01-01T03:35:29,web-05,4.6172
2026-01-01T03:35:41,hd-02,3.2313
2026-01-01T03:36:00,db-01,1.2620
2026-01-01T03:36:25,db-01,4.6700
2026-01-01T03:36:51,net-04,0.6499
2026-01-01T03:37:17,net-04,0.2481
2026-01-01T03:37:44,hd-01,0.2276
2026-01-01T03:37:55,hd-01,6.4251
2026-01-01T03:38:05,web-02,1.1552
2026-01-01T03:39:35,web-01,1.1068
2026-01-01T03:40:07,net-04,1.7108
2026-01-01T03:40:15,hd-02,1.8297
2026-01-01T03:40:37,lb-01,1.2122
2026-01-01T03:40:58,db-02,8.1028
2026-01-01T03:41:09,web-02,0.4152
2026-01-01T03:41:35,net-04,0.5975
2026-01-01T03:41:36,hd-01,3.0222
2026-01-01T03:41:39,lb-02,3.4565
2026-01-01T03:42:08,cache-02,0.4252
2026-01-01T03:42:10,web-02,4.0638
2026-01-01T03:44:02,hd-02,1.9593
2026-01-01T03:44:21,lb-02,3.5274
2026-01-01T03:44:58,cache-03,2.8886
2026-01-01T03:45:04,web-05,2.8815
2026-01-01T03:46:36,cache-01,2.2718
2026-01-01T03:47:03,hd-01,7.2132
2026-01-01T03:47:52,db-02,0.4412
2026-01-01T03:48:10,hd-02,41.2814
2026-01-01T03:48:16,net-03,0.2038
2026-01-01T03:48:30,hd-02,0.9696
2026-01-01T03:48:36,cache-02,0.0748
2026-01-01T03:48:58,lb-02,1.2095
2026-01-01T03:49:23,lb-01,6.3026
2026-01-01T03:49:36,lb-01,5.6519
2026-01-01T03:49:48,web-03,2.3659
2026-01-01T03:50:28,cache-02,2.8367
2026-01-01T03:50:33,db-03,0.4866
2026-01-01T03:52:36,db-03,0.9553
2026-01-01T03:52:51,net-01,1.3258
2026-01-01T03:52:55,cache-03,2.2732
2026-01-01T03:53:43,web-02,1.7578
2026-01-01T03:54:11,net-01,7.0613
2026-01-01T03:54:36,lb-02,0.0306
2026-01-01T03:54:40,web-01,1.2885
2026-01-01T03:55:00,hd-02,2.1173
2026-01-01T03:55:02,cache-01,5.6293
2026-01-01T03:55:41,db-02,1.9233
2026-01-01T03:55:51,cache-01,4.5507
2026-01-01T03:55:58,cache-03,5.8911
2026-01-01T03:56:12,lb-02,1.6126
2026-01-01T03:56:36,db-03,2.5261
2026-01-01T03:57:08,cache-01,7.8615
2026-01-01T03:57:09,cache-01,3.1110
2026-01-01T03:58:11,db-03,0.1828
2026-01-01T03:59:19,db-03,3.4671
2026-01-01T03:59:41,cache-03,0.7417
2026-01-01T04:00:00,web-02,1.9585
2026-01-01T04:00:32,lb-02,0.0275
2026-01-01T04:00:38,web-05,7.4572
2026-01-01T04:00:47,hd-01,1.5551
2026-01-01T04:01:09,web-03,13.3995
2026-01-01T04:01:25,web-05,0.1760
2026-01-01T04:01:41,db-03,1.8297
2026-01-01T04:01:45,db-01,1.6825
2026-01-01T04:02:13,db-03,2.0183
2026-01-01T04:02:22,lb-02,14.6572
2026-01-01T04:02:30,hd-02,1.3515
2026-01-01T04:03:14,web-05,2.3933
2026-01-01T04:03:39,hd-02,1.7992
2026-01-01T04:03:42,lb-02,6.9899
2026-01-01T04:03:58,web-01,1.1829
2026-01-01T04:04:00,lb-01,1.1061
2026-01-01T04:04:25,net-03,0.7996
2026-01-01T04:04:32,web-03,16.4030
2026-01-01T04:04:47,net-03,1.3819
2026-01-01T04:04:58,hd-01,7.6878
2026-01-01T04:05:52,lb-02,0.8348
2026-01-01T04:06:05,db-03,5.7911
2026-01-01T04:07:13,lb-02,12.0925
2026-01-01T04:07:22,hd-01,2.4633
2026-01-01T04:07:25,db-02,0.3103
2026-01-01T04:09:21,lb-01,7.8699
2026-01-01T04:09:31,net-04,5.4357
2026-01-01T04:09:32,db-03,7.9260
2026-01-01T04:09:48,cache-01,0.1208
2026-01-01T04:10:42,hd-02,3.2188
2026-01-01T04:10:58,net-03,0.2437
2026-01-01T04:11:07,lb-02,0.0431
2026-01-01T04:11:24,hd-01,4.6554
2026-01-01T04:11:39,web-02,3.8013
2026-01-01T04:12:24,hd-01,0.6336
2026-01-01T04:12:33,hd-02,17.2461
2026-01-01T04:14:05,cache-02,3.5369
2026-01-01T04:15:01,lb-02,3.4445
2026-01-01T04:15:11,web-01,1.4929
2026-01-01T04:15:20,cache-02,0.0291
2026-01-01T04:15:57,web-02,1.4307
2026-01-01T04:16:00,net-02,4.6428
2026-01-01T04:16:55,hd-02,3.5738
2026-01-01T04:16:56,lb-02,6.0339
2026-01-01T04:17:52,web-01,2.8850
2026-01-01T04:18:33,hd-02,7.7086
2026-01-01T04:19:00,db-02,2.7500
2026-01-01T04:19:20,web-03,11.0017
2026-01-01T04:19:31,lb-01,1.2966
2026-01-01T04:20:10,web-02,24.0954
2026-01-01T04:20:35,db-02,5.5908
2026-01-01T04:20:49,net-04,2.0106
2026-01-01T04:20:51,db-01,5.4750
2026-01-01T04:20:59,net-02,5.3948
2026-01-01T04:21:38,cache-01,0.1176
2026-01-01T04:21:50,net-03,3.7915
2026-01-01T04:22:09,cache-02,8.2605
2026-01-01T04:22:59,db-03,1.2174
2026-01-01T04:23:07,db-02,3.1739
2026-01-01T04:23:43,db-01,4.9521
2026-01-01T04:23:55,hd-02,2.4365
2026-01-01T04:25:06,net-02,1.7419
2026-01-01T04:25:16,db-01,2.4779
2026-01-01T04:25:31,hd-02,4.1732
2026-01-01T04:25:47,lb-01,0.2852
2026-01-01T04:26:12,web-03,1.2093
2026-01-01T04:27:08,db-02,3.4173
2026-01-01T04:29:00,hd-02,1.0751
2026-01-01T04:29:09,web-04,0.8184
2026-01-01T04:29:16,hd-02,1.0672
2026-01-01T04:29:19,db-02,4.2350
2026-01-01T04:29:31,net-03,0.8789
2026-01-01T04:29:36,cache-02,18.5611
2026-01-01T04:30:16,web-03,0.9906
2026-01-01T04:30:32,hd-02,8.0437
2026-01-01T04:32:46,net-02,4.6238
2026-01-01T04:32:50,db-01,9.5727
2026-01-01T04:32:58,web-03,0.2320
2026-01-01T04:33:32,web-01,0.0987
2026-01-01T04:34:18,db-03,19.2474
2026-01-01T04:34:20,hd-01,20.8963
2026-01-01T04:34:20,db-01,3.7419
2026-01-01T04:34:38,db-02,1.7111
2026-01-01T04:34:53,cache-01,9.7795
2026-01-01T04:35:04,web-04,10.2482
2026-01-01T04:35:08,db-02,1.6178
2026-01-01T04:35:29,lb-02,1.2494
2026-01-01T04:35:44,hd-02,2.6177
2026-01-01T04:36:22,cache-03,0.0434
2026-01-01T04:36:35,web-05,2.4895
2026-01-01T04:36:42,hd-01,2.0466
2026-01-01T04:37:03,net-04,0.6487
2026-01-01T04:37:57,web-04,3.3698
2026-01-01T04:38:00,cache-03,7.1017
2026-01-01T04:38:01,net-04,1.0549
2026-01-01T04:38:25,hd-02,2.8303
2026-01-01T04:38:26,cache-02,6.4734
2026-01-01T04:38:49,lb-02,6.8023
2026-01-01T04:39:17,cache-02,0.6162
2026-01-01T04:39:53,lb-02,2.3918
2026-01-01T04:40:39,db-02,6.9994
2026-01-01T04:41:05,net-03,7.1354
2026-01-01T04:41:13,cache-01,6.6273
2026-01-01T04:41:16,hd-01,0.2727
2026-01-01T04:41:50,web-01,2.7860
2026-01-01T04:41:56,hd-02,5.0713
2026-01-01T04:42:32,lb-01,0.5627
2026-01-01T04:43:33,net-01,0.3982
2026-01-01T04:44:04,hd-02,13.3544
2026-01-01T04:45:04,db-03,2.2039
2026-01-01T04:45:04,web-05,3.6278
2026-01-01T04:45:04,db-03,3.9887
2026-01-01T04:45:24,hd-01,0.6858
2026-01-01T04:46:21,db-03,1.1107
2026-01-01T04:46:39,web-02,0.0600
2026-01-01T04:49:59,web-03,1.4406
2026-01-01T04:50:40,hd-02,0.8559
2026-01-01T04:51:24,db-01,1.1137
2026-01-01T04:51:37,net-03,1.4107
2026-01-01T04:51:38,web-03,2.6289
2026-01-01T04:52:41,cache-01,0.1289
2026-01-01T04:52:43,cache-01,0.1343
2026-01-01T04:52:50,db-02,0.3204
2026-01-01T04:52:54,db-01,3.3721
2026-01-01T04:53:19,lb-02,12.5090
2026-01-01T04:54:22,web-01,27.2913
2026-01-01T04:54:34,web-05,3.7661
2026-01-01T04:54:38,hd-02,2.2613
2026-01-01T04:54:39,web-02,4.2110
2026-01-01T04:55:08,db-02,1.5681
2026-01-01T04:55:29,cache-02,3.2292
2026-01-01T04:56:20,hd-02,3.1749
2026-01-01T04:56:22,cache-02,1.3634
2026-01-01T04:56:47,web-01,0.0568
2026-01-01T04:56:51,db-03,3.8206
2026-01-01T04:57:09,net-04,2.0977
2026-01-01T04:57:48,lb-02,2.0420
2026-01-01T04:58:01,cache-03,0.3663
2026-01-01T04:58:04,net-02,7.9860
2026-01-01T04:58:25,lb-01,1.2731
2026-01-01T04:58:37,cache-03,0.1553
2026-01-01T04:58:37,cache-02,4.9888
2026-01-01T04:59:20,cache-03,1.3505
2026-01-01T05:00:13,web-01,0.3520
2026-01-01T05:00:25,db-01,1.9922
2026-01-01T05:02:30,cache-01,9.5374
2026-01-01T05:03:02,cache-03,8.6423
2026-01-01T05:04:18,net-01,1.6550
2026-01-01T05:04:54,hd-01,0.6143
2026-01-01T05:05:06,db-02,4.8038
2026-01-01T05:06:39,lb-01,0.6423
2026-01-01T05:06:46,web-01,0.0443
2026-01-01T05:07:02,hd-01,0.0602
2026-01-01T05:07:35,lb-02,1.4532
2026-01-01T05:07:37,cache-03,2.0568
2026-01-01T05:07:50,net-02,2.4708
2026-01-01T05:07:59,web-02,0.0044
2026-01-01T05:08:16,lb-02,4.2990
2026-01-01T05:08:17,lb-02,10.9930
2026-01-01T05:08:19,cache-01,2.7719
2026-01-01T05:08:38,net-02,1.0686
2026-01-01T05:09:19,net-01,0.6522
2026-01-01T05:09:46,lb-02,24.7144
2026-01-01T05:10:01,cache-03,3.1822
2026-01-01T05:11:08,db-02,1.1866
2026-01-01T05:11:42,hd-02,1.7358
2026-01-01T05:11:57,lb-01,0.6929
2026-01-01T05:12:42,net-04,10.3492
2026-01-01T05:13:15,hd-01,0.1519
2026-01-01T05:13:45,db-01,8.1518
2026-01-01T05:14:57,db-01,1.9953
2026-01-01T05:15:05,web-04,0.7365
2026-01-01T05:15:09,db-01,0.2479
2026-01-01T05:15:44,db-03,2.0128
2026-01-01T05:15:46,net-04,0.0331
2026-01-01T05:16:37,net-04,5.7093
2026-01-01T05:16:54,lb-01,3.6671
2026-01-01T05:18:01,cache-02,3.0006
2026-01-01T05:18:05,cache-02,0.1147
2026-01-01T05:18:24,lb-02,4.4505
2026-01-01T05:18:33,hd-02,6.6544
2026-01-01T05:18:47,web-01,0.0976
2026-01-01T05:18:48,db-01,3.7903
2026-01-01T05:19:54,web-03,1.2641
2026-01-01T05:20:10,cache-01,0.3863
2026-01-01T05:20:13,cache-02,0.0447
2026-01-01T05:23:28,net-03,0.7748
2026-01-01T05:23:56,hd-02,2.3545
2026-01-01T05:24:12,lb-01,0.1536
2026-01-01T05:24:42,lb-02,6.5770
2026-01-01T05:24:57,web-04,2.1266
2026-01-01T05:25:02,net-02,0.0711
2026-01-01T05:25:21,web-03,2.5200
2026-01-01T05:25:47,net-02,1.6985
2026-01-01T05:25:48,db-02,2.2114
2026-01-01T05:25:59,net-03,3.0310
2026-01-01T05:26:41,hd-02,16.0371
2026-01-01T05:26:46,net-02,0.3892
2026-01-01T05:26:52,net-04,5.1976
2026-01-01T05:28:27,db-01,1.5293
2026-01-01T05:28:54,cache-03,1.7260
2026-01-01T05:29:38,net-01,1.0175
2026-01-01T05:30:07,cache-01,0.6995
2026-01-01T05:30:54,net-02,2.8924
2026-01-01T05:31:18,hd-01,3.0193
2026-01-01T05:31:37,web-04,6.2611
2026-01-01T05:32:32,web-05,1.1862
2026-01-01T05:32:46,hd-01,2.2348
2026-01-01T05:32:52,hd-01,1.6237
2026-01-01T05:33:13,cache-01,1.5365
2026-01-01T05:33:30,hd-01,3.6566
2026-01-01T05:34:00,lb-01,2.3928
2026-01-01T05:34:08,web-04,12.0082
2026-01-01T05:34:29,db-02,13.0584
2026-01-01T05:34:34,net-01,0.6120
2026-01-01T05:35:12,cache-03,0.6417
2026-01-01T05:35:32,web-03,0.2367
2026-01-01T05:36:26,db-02,0.3220
2026-01-01T05:37:25,hd-02,0.9076
2026-01-01T05:37:52,hd-01,3.4030
2026-01-01T05:38:05,hd-01,0.8375
2026-01-01T05:38:55,lb-02,1.6990
2026-01-01T05:39:05,web-02,1.9364
2026-01-01T05:39:36,lb-02,1.4953
2026-01-01T05:40:27,hd-02,4.8505
2026-01-01T05:40:57,lb-01,7.4047
2026-01-01T05:41:19,hd-02,3.8217
2026-01-01T05:41:29,lb-02,0.9122
2026-01-01T05:41:53,net-03,0.1406
2026-01-01T05:42:27,net-02,4.4604
2026-01-01T05:42:48,cache-03,0.0425
2026-01-01T05:42:58,net-04,0.3447
2026-01-01T05:43:07,lb-02,5.8125
2026-01-01T05:43:19,cache-03,29.0006
2026-01-01T05:44:21,web-02,2.0842
2026-01-01T05:44:28,cache-02,0.5268
2026-01-01T05:44:53,web-03,11.7805
2026-01-01T05:44:56,hd-01,1.8148
2026-01-01T05:45:11,hd-02,5.8370
2026-01-01T05:45:17,web-01,3.2710
2026-01-01T05:45:59,db-02,0.7373
2026-01-01T05:46:13,lb-02,1.5213
2026-01-01T05:46:27,net-02,8.2550
2026-01-01T05:46:41,lb-02,4.9745
2026-01-01T05:47:01,cache-02,1.2674
2026-01-01T05:47:06,lb-02,0.9549
2026-01-01T05:47:36,db-02,0.0157
2026-01-01T05:47:37,lb-01,0.4771
2026-01-01T05:47:49,net-01,0.0943
2026-01-01T05:47:52,db-01,0.6763
2026-01-01T05:48:11,cache-03,0.4815
2026-01-01T05:48:23,cache-03,2.7276
2026-01-01T05:48:43,web-01,0.3584
2026-01-01T05:49:12,db-03,0.7927
2026-01-01T05:49:13,web-04,0.2858
2026-01-01T05:49:59,db-02,1.0856
2026-01-01T05:50:31,cache-02,3.6477
2026-01-01T05:51:09,lb-02,2.4400
2026-01-01T05:51:44,db-01,1.6540
2026-01-01T05:52:55,db-01,1.1045
2026-01-01T05:53:03,hd-01,3.3584
2026-01-01T05:53:11,cache-03,2.4971
2026-01-01T05:53:41,hd-02,1.2367
2026-01-01T05:54:34,lb-02,42.0236
2026-01-01T05:54:36,db-03,1.2325
2026-01-01T05:54:42,web-03,1.3140
2026-01-01T05:54:45,db-03,1.4562
2026-01-01T05:56:16,web-05,7.4925
2026-01-01T05:56:27,db-01,4.4883
2026-01-01T05:56:30,lb-02,0.0719
2026-01-01T05:56:52,db-03,0.3350
2026-01-01T05:58:49,net-02,1.8583
2026-01-01T05:59:22,hd-02,0.0485
2026-01-01T05:59:43,net-02,1.5776
2026-01-01T06:01:17,web-02,2.8127
2026-01-01T06:02:09,lb-02,9.7960
2026-01-01T06:02:39,web-03,1.8751
2026-01-01T06:03:51,db-02,0.1315
2026-01-01T06:05:04,hd-02,2.9342
2026-01-01T06:07:21,web-05,1.8115
2026-01-01T06:07:23,cache-01,2.5376
2026-01-01T06:07:28,web-03,11.1220
2026-01-01T06:07:49,lb-02,0.0179
2026-01-01T06:08:02,hd-02,2.5193
2026-01-01T06:08:47,net-04,2.4765
2026-01-01T06:08:49,hd-02,5.0606
2026-01-01T06:08:54,db-02,2.4388
2026-01-01T06:08:57,net-02,0.3649
2026-01-01T06:08:59,cache-02,0.7423
2026-01-01T06:09:11,cache-03,1.9004
2026-01-01T06:09:57,cache-02,0.3917
2026-01-01T06:10:20,hd-01,1.8685
2026-01-01T06:10:46,web-04,1.4110
2026-01-01T06:10:54,cache-03,0.3653
2026-01-01T06:11:51,cache-02,2.2702
2026-01-01T06:11:54,net-04,8.0317
2026-01-01T06:12:41,net-03,1.5648
2026-01-01T06:12:56,db-03,0.2961
2026-01-01T06:13:03,hd-02,4.7016
2026-01-01T06:13:44,hd-02,1.0407
2026-01-01T06:13:46,cache-03,3.9152
2026-01-01T06:14:20,hd-02,0.5408
2026-01-01T06:14:28,cache-02,10.4729
2026-01-01T06:14:32,cache-03,1.7924
2026-01-01T06:14:51,net-04,11.3881
2026-01-01T06:14:57,cache-03,0.2886
2026-01-01T06:15:11,cache-02,0.9403
2026-01-01T06:15:59,lb-02,2.6718
2026-01-01T06:16:39,lb-02,1.7068
2026-01-01T06:16:43,cache-03,22.5876
2026-01-01T06:17:27,lb-01,0.6449
2026-01-01T06:17:29,cache-02,0.9754
2026-01-01T06:17:47,web-04,0.9178
2026-01-01T06:17:57,lb-01,1.2608
2026-01-01T06:18:04,db-01,0.8860
2026-01-01T06:18:28,lb-02,3.5195
2026-01-01T06:18:49,net-03,0.9848
2026-01-01T06:19:09,lb-01,1.7637
2026-01-01T06:19:33,web-04,0.3252
2026-01-01T06:21:03,hd-01,0.7631
2026-01-01T06:22:12,net-02,0.4800
2026-01-01T06:23:09,web-02,3.4292
2026-01-01T06:23:13,hd-01,0.2529
2026-01-01T06:23:45,lb-01,10.3128
2026-01-01T06:23:56,hd-02,16.0917
2026-01-01T06:24:00,cache-02,0.0848
2026-01-01T06:24:20,lb-01,0.0721
2026-01-01T06:24:22,web-02,0.8101
2026-01-01T06:25:33,db-02,0.5193
2026-01-01T06:25:52,web-05,13.0955
2026-01-01T06:26:04,cache-03,4.8183
2026-01-01T06:26:11,web-04,2.0515
2026-01-01T06:26:42,web-02,1.1488
2026-01-01T06:27:04,net-03,5.2957
2026-01-01T06:27:08,db-02,0.7835
2026-01-01T06:27:43,lb-02,0.6435
2026-01-01T06:29:14,cache-03,0.1852
2026-01-01T06:29:35,web-04,0.4416
2026-01-01T06:31:16,cache-01,1.9554
2026-01-01T06:31:36,lb-02,13.1567
2026-01-01T06:32:20,cache-02,0.7914
2026-01-01T06:33:31,web-05,0.9704
2026-01-01T06:34:19,web-05,0.1151
2026-01-01T06:34:35,net-04,1.2311
2026-01-01T06:35:02,net-03,4.4208
2026-01-01T06:35:08,hd-02,0.8048
2026-01-01T06:35:09,lb-02,0.0398
2026-01-01T06:35:40,web-02,5.4373
2026-01-01T06:35:53,hd-02,0.6043
2026-01-01T06:36:06,hd-01,0.2430
2026-01-01T06:36:10,web-01,3.8971
2026-01-01T06:36:21,hd-02,0.3299
2026-01-01T06:36:48,net-03,1.0334
2026-01-01T06:38:45,web-04,0.5803
2026-01-01T06:39:05,hd-02,4.8967
2026-01-01T06:39:32,db-03,0.6369
2026-01-01T06:40:17,hd-02,0.1240
2026-01-01T06:40:30,net-03,15.6233
2026-01-01T06:40:46,net-02,6.1684
2026-01-01T06:40:49,web-03,1.5576
2026-01-01T06:40:57,web-01,0.3078
2026-01-01T06:42:10,cache-01,13.1696
2026-01-01T06:43:23,db-03,0.8842
2026-01-01T06:44:23,lb-01,5.5507
2026-01-01T06:44:41,db-03,9.7024
2026-01-01T06:44:41,hd-02,1.4419
2026-01-01T06:45:04,lb-01,3.6246
2026-01-01T06:45:33,net-02,2.1936
2026-01-01T06:47:10,hd-02,1.8815
2026-01-01T06:47:38,db-01,5.4789
2026-01-01T06:48:07,cache-02,5.8062
2026-01-01T06:48:09,net-02,2.5394
2026-01-01T06:48:35,lb-01,2.4226
2026-01-01T06:48:49,db-01,0.0436
2026-01-01T06:49:09,web-02,13.3060
2026-01-01T06:49:11,hd-02,7.3030
2026-01-01T06:49:19,hd-01,0.1851
2026-01-01T06:50:33,db-02,1.2673
2026-01-01T06:51:11,db-03,0.1013
2026-01-01T06:51:15,net-01,3.9786
2026-01-01T06:51:18,lb-01,4.6083
2026-01-01T06:51:26,lb-02,4.0267
2026-01-01T06:51:49,db-03,0.1403
2026-01-01T06:52:11,lb-01,3.7725
2026-01-01T06:53:04,cache-02,0.6894
2026-01-01T06:53:46,db-03,2.7535
2026-01-01T06:54:20,net-03,1.3157
2026-01-01T06:54:38,cache-02,1.8509
2026-01-01T06:54:50,lb-01,1.7345
2026-01-01T06:55:06,web-05,0.0567
2026-01-01T06:55:46,cache-03,0.9895
2026-01-01T06:56:06,db-03,1.4406
2026-01-01T06:56:29,db-02,11.6939
2026-01-01T06:56:33,cache-03,28.6918
2026-01-01T06:57:14,cache-01,2.7368
2026-01-01T06:57:52,hd-02,1.5495
2026-01-01T06:58:14,hd-02,0.5813
2026-01-01T06:58:16,web-03,11.2011
2026-01-01T06:58:40,web-03,1.0004
2026-01-01T07:00:38,web-02,5.6990
2026-01-01T07:00:50,db-01,7.4430
2026-01-01T07:01:24,cache-02,2.9307
2026-01-01T07:01:31,web-02,0.3035
2026-01-01T07:01:45,net-02,9.1937
2026-01-01T07:03:09,hd-01,6.3746
2026-01-01T07:03:32,lb-01,6.5794
2026-01-01T07:03:50,lb-02,0.3589
2026-01-01T07:04:00,lb-01,5.9456
2026-01-01T07:05:10,web-04,3.6239
2026-01-01T07:05:38,hd-02,4.3986
2026-01-01T07:06:29,web-05,2.9979
2026-01-01T07:06:36,hd-01,0.6634
2026-01-01T07:07:35,net-03,1.1189
2026-01-01T07:08:15,net-04,1.7506
2026-01-01T07:08:34,net-04,0.9011
2026-01-01T07:08:36,net-04,4.1319
2026-01-01T07:09:08,lb-02,16.7857
2026-01-01T07:09:11,db-01,1.2742
2026-01-01T07:10:26,web-03,5.0863
2026-01-01T07:11:05,cache-03,0.0057
2026-01-01T07:11:10,hd-02,3.3025
2026-01-01T07:11:33,web-04,1.0035
2026-01-01T07:12:24,lb-01,0.3195
2026-01-01T07:13:05,net-04,2.2534
2026-01-01T07:13:16,hd-02,12.6515
2026-01-01T07:13:25,net-02,4.2012
2026-01-01T07:13:38,cache-03,0.3354
2026-01-01T07:13:48,cache-02,4.8483
2026-01-01T07:14:00,lb-02,1.6458
2026-01-01T07:14:15,web-03,1.2400
2026-01-01T07:14:54,cache-03,6.9619
2026-01-01T07:14:58,hd-02,5.2137
2026-01-01T07:15:46,cache-03,0.0690
2026-01-01T07:16:06,cache-01,0.3164
2026-01-01T07:16:59,hd-02,1.2961
2026-01-01T07:17:03,hd-02,2.3541
2026-01-01T07:17:18,web-02,1.2101
2026-01-01T07:17:40,db-02,0.6182
2026-01-01T07:19:00,cache-03,3.4537
2026-01-01T07:21:06,hd-01,2.3740
2026-01-01T07:21:07,web-01,7.7650
2026-01-01T07:21:16,db-01,0.1182
2026-01-01T07:21:30,lb-02,0.0162
2026-01-01T07:22:02,web-05,6.5763
2026-01-01T07:22:39,web-05,12.0389
2026-01-01T07:23:11,lb-01,2.3147
2026-01-01T07:24:06,db-01,0.5999
2026-01-01T07:24:29,net-01,8.4227
2026-01-01T07:25:22,db-01,1.2117
2026-01-01T07:25:39,net-04,0.0342
2026-01-01T07:26:05,db-03,1.3423
2026-01-01T07:26:21,web-05,14.6310
2026-01-01T07:26:24,net-04,17.1265
2026-01-01T07:26:40,hd-01,0.3713
2026-01-01T07:26:45,net-03,0.3842
2026-01-01T07:26:54,cache-02,0.5177
2026-01-01T07:27:38,web-02,2.3194
2026-01-01T07:27:51,db-01,0.6314
2026-01-01T07:29:40,web-05,14.7474
2026-01-01T07:30:05,db-03,18.4997
2026-01-01T07:30:13,cache-03,2.2015
2026-01-01T07:31:03,hd-01,5.0215
2026-01-01T07:31:25,db-03,2.8171
2026-01-01T07:31:43,db-02,18.6807
2026-01-01T07:32:11,net-04,0.8140
2026-01-01T07:33:36,net-04,0.1718
2026-01-01T07:34:25,net-03,1.9102
2026-01-01T07:35:04,web-03,2.1984
2026-01-01T07:36:47,web-03,4.3073
2026-01-01T07:38:32,net-03,2.0511
2026-01-01T07:38:58,web-05,3.4912
2026-01-01T07:39:06,lb-02,15.2639
2026-01-01T07:39:09,hd-02,6.2998
2026-01-01T07:39:40,lb-02,1.8512
2026-01-01T07:40:50,net-03,0.5939
2026-01-01T07:41:20,net-01,5.1742
2026-01-01T07:41:28,lb-01,4.0085
2026-01-01T07:41:53,lb-02,0.1674
2026-01-01T07:42:13,db-01,3.6641
2026-01-01T07:42:20,hd-02,0.0003
2026-01-01T07:42:20,web-01,5.6802
2026-01-01T07:43:54,db-03,1.9469
2026-01-01T07:43:56,db-03,6.6502
2026-01-01T07:44:30,hd-02,3.3771
2026-01-01T07:44:49,net-04,2.9389
2026-01-01T07:45:30,net-04,8.6418
2026-01-01T07:46:39,db-02,38.7581
2026-01-01T07:46:48,lb-01,1.5496
2026-01-01T07:46:55,lb-01,8.8101
2026-01-01T07:48:16,hd-01,2.6016
2026-01-01T07:48:48,cache-03,0.6304
2026-01-01T07:49:21,web-03,1.6499
2026-01-01T07:49:51,db-03,1.7989
2026-01-01T07:50:21,cache-02,0.6157
2026-01-01T07:50:54,web-02,3.2385
2026-01-01T07:53:24,net-03,2.4816
2026-01-01T07:55:03,web-05,0.8427
2026-01-01T07:55:04,web-01,12.6428
2026-01-01T07:55:32,db-02,2.0772
2026-01-01T07:55:57,web-05,5.4351
2026-01-01T07:56:51,hd-02,0.2981
2026-01-01T07:57:02,hd-01,0.4982
2026-01-01T07:57:06,hd-02,10.6805
2026-01-01T07:57:09,net-01,0.0755
2026-01-01T07:57:24,hd-01,9.5681
2026-01-01T07:59:53,lb-01,8.5398
2026-01-01T08:00:02,net-01,0.0039
2026-01-01T08:00:16,web-03,0.5380
2026-01-01T08:00:31,net-03,1.8602
2026-01-01T08:00:37,lb-01,0.4399
2026-01-01T08:01:00,lb-01,5.4214
2026-01-01T08:01:03,web-02,2.5123
2026-01-01T08:01:32,cache-03,0.5702
2026-01-01T08:03:26,db-03,0.4275
2026-01-01T08:03:36,web-03,0.3396
2026-01-01T08:04:41,db-01,0.2041
2026-01-01T08:05:03,net-01,86.8953
2026-01-01T08:05:28,cache-03,0.4422
2026-01-01T08:06:45,db-01,2.2266
2026-01-01T08:06:47,db-03,0.9746
2026-01-01T08:06:59,cache-01,4.8782
2026-01-01T08:08:22,hd-01,6.4187
2026-01-01T08:08:51,lb-02,3.3068
2026-01-01T08:09:08,lb-01,1.2577
2026-01-01T08:09:52,cache-01,0.0176
2026-01-01T08:09:54,db-01,0.3179
2026-01-01T08:10:38,lb-02,3.9032
2026-01-01T08:11:12,hd-01,0.6579
2026-01-01T08:11:46,net-02,0.0412
2026-01-01T08:12:35,hd-02,0.4312
2026-01-01T08:13:16,hd-01,0.1310
2026-01-01T08:13:23,hd-02,0.2729
2026-01-01T08:13:24,lb-01,0.5789
2026-01-01T08:13:28,web-04,2.1427
2026-01-01T08:14:21,db-01,0.0175
2026-01-01T08:14:45,hd-01,1.5976
2026-01-01T08:15:02,cache-01,0.8823
2026-01-01T08:15:08,lb-02,0.1350
2026-01-01T08:15:08,db-03,0.2185
2026-01-01T08:16:01,web-02,4.6987
2026-01-01T08:16:05,cache-03,2.6047
2026-01-01T08:17:44,hd-02,0.5066
2026-01-01T08:18:08,hd-02,5.0868
2026-01-01T08:18:18,hd-02,1.6045
2026-01-01T08:18:32,hd-01,31.0178
2026-01-01T08:20:03,db-01,5.8122
2026-01-01T08:21:45,web-01,4.8721
2026-01-01T08:22:32,net-02,0.2117
2026-01-01T08:22:53,hd-02,0.6846
2026-01-01T08:23:06,net-03,4.2526
2026-01-01T08:23:09,cache-03,0.3758
2026-01-01T08:23:21,hd-01,3.8844
2026-01-01T08:23:37,net-01,1.4841
2026-01-01T08:23:40,cache-01,1.8132
2026-01-01T08:25:42,web-04,6.1892
2026-01-01T08:25:43,db-03,3.8846
2026-01-01T08:26:01,cache-01,1.7859
2026-01-01T08:27:24,db-02,4.0705
2026-01-01T08:27:41,db-02,0.4967
2026-01-01T08:27:43,hd-02,0.3768
2026-01-01T08:28:22,hd-01,0.1347
2026-01-01T08:28:33,lb-02,0.9014
2026-01-01T08:29:28,hd-01,1.6788
2026-01-01T08:31:09,web-05,2.2078
2026-01-01T08:32:33,hd-02,1.9891
2026-01-01T08:32:34,cache-03,1.3609
2026-01-01T08:32:51,db-01,0.1711
2026-01-01T08:33:09,web-05,0.1823
2026-01-01T08:33:28,lb-02,2.1845
2026-01-01T08:33:32,cache-03,2.0703
2026-01-01T08:34:05,cache-01,0.2905
2026-01-01T08:34:51,cache-01,9.5578
2026-01-01T08:34:52,db-01,9.2753
2026-01-01T08:35:00,web-05,1.3193
2026-01-01T08:35:00,hd-01,0.3518
2026-01-01T08:35:18,web-02,1.0102
2026-01-01T08:35:33,cache-01,3.5932
2026-01-01T08:36:30,lb-01,0.0308
2026-01-01T08:36:50,hd-02,2.1839
2026-01-01T08:37:07,web-03,12.9436
2026-01-01T08:38:40,hd-01,1.3238
2026-01-01T08:39:04,hd-02,1.1224
2026-01-01T08:39:21,lb-01,5.2467
2026-01-01T08:40:08,hd-01,0.1423
2026-01-01T08:40:30,db-03,1.9703
2026-01-01T08:40:33,lb-01,2.2905
2026-01-01T08:40:50,db-02,3.1509
2026-01-01T08:40:55,hd-02,2.5504
2026-01-01T08:41:02,db-01,6.0971
2026-01-01T08:41:04,hd-01,3.7466
2026-01-01T08:41:08,cache-03,0.5289
2026-01-01T08:41:29,lb-02,2.3594
2026-01-01T08:42:09,net-04,24.6414
2026-01-01T08:42:16,db-01,1.9936
2026-01-01T08:42:26,db-02,0.7787
2026-01-01T08:42:41,web-03,0.9109
2026-01-01T08:43:20,net-02,3.3278
2026-01-01T08:43:22,net-03,0.3188
2026-01-01T08:43:48,cache-02,1.5131
2026-01-01T08:44:07,net-03,1.0328
2026-01-01T08:44:42,cache-01,0.5427
2026-01-01T08:44:54,cache-02,2.5414
2026-01-01T08:45:18,cache-01,0.8385
2026-01-01T08:45:30,db-01,25.1952
2026-01-01T08:46:27,lb-02,2.0937
2026-01-01T08:46:29,web-03,9.7014
2026-01-01T08:48:00,db-03,0.4473
2026-01-01T08:48:36,lb-01,2.0840
2026-01-01T08:49:02,cache-02,1.0659
2026-01-01T08:50:00,web-03,3.9254
2026-01-01T08:50:43,lb-01,1.8100
2026-01-01T08:50:48,db-01,0.7985
2026-01-01T08:50:55,db-01,2.9357
2026-01-01T08:51:07,db-03,0.6594
2026-01-01T08:51:29,hd-02,3.0467
2026-01-01T08:51:31,db-03,2.9937
2026-01-01T08:51:41,net-01,0.5667
2026-01-01T08:51:44,db-01,1.8178
2026-01-01T08:51:51,lb-01,14.5059
2026-01-01T08:51:54,hd-01,3.1252
2026-01-01T08:52:30,db-03,5.4312
2026-01-01T08:52:50,web-01,3.3508
2026-01-01T08:53:17,lb-01,0.2272
2026-01-01T08:54:33,lb-01,0.5810
2026-01-01T08:54:35,db-01,4.7216
2026-01-01T08:54:43,lb-02,11.2839
2026-01-01T08:54:44,net-01,2.4060
2026-01-01T08:55:23,lb-01,0.6583
2026-01-01T08:56:09,hd-01,2.1838
2026-01-01T08:56:48,cache-03,2.5003
2026-01-01T08:56:55,db-03,12.9061
2026-01-01T08:59:19,web-04,3.9892
2026-01-01T08:59:43,db-02,0.3085
2026-01-01T08:59:48,web-03,0.1911
2026-01-01T09:00:04,net-04,14.4797
2026-01-01T09:00:59,cache-03,2.0098
2026-01-01T09:01:27,cache-01,1.1018
2026-01-01T09:02:13,net-04,2.5028
2026-01-01T09:03:28,db-03,6.1890
2026-01-01T09:03:58,cache-03,2.1082
2026-01-01T09:04:06,cache-01,1.2217
2026-01-01T09:05:06,db-03,0.8402
2026-01-01T09:05:17,cache-02,8.5483
2026-01-01T09:05:39,hd-02,0.8468
2026-01-01T09:06:00,cache-03,0.8480
2026-01-01T09:06:03,cache-03,4.9785
2026-01-01T09:06:07,cache-01,0.4974
2026-01-01T09:06:57,db-03,2.8212
2026-01-01T09:07:06,lb-02,2.3506
2026-01-01T09:07:25,hd-02,0.7601
2026-01-01T09:10:26,net-03,1.3324
2026-01-01T09:10:27,cache-02,8.3270
2026-01-01T09:11:06,web-05,14.8164
2026-01-01T09:11:17,net-01,0.0831
2026-01-01T09:11:34,db-01,100.0000
2026-01-01T09:11:40,web-03,0.5657
2026-01-01T09:14:50,web-04,19.0822
2026-01-01T09:15:34,db-03,4.7030
2026-01-01T09:15:50,hd-02,1.7459
2026-01-01T09:17:01,net-01,4.5398
2026-01-01T09:18:33,web-03,2.1125
2026-01-01T09:19:20,hd-01,0.1950
2026-01-01T09:19:32,cache-02,4.4152
2026-01-01T09:19:56,net-04,0.0557
2026-01-01T09:20:16,cache-02,2.1946
2026-01-01T09:20:19,hd-02,19.1223
2026-01-01T09:20:30,web-04,1.3014
2026-01-01T09:20:53,db-03,2.3640
2026-01-01T09:20:53,db-03,0.9869
2026-01-01T09:20:54,web-04,2.6341
2026-01-01T09:21:03,hd-02,0.0514
2026-01-01T09:21:35,lb-02,0.2420
2026-01-01T09:22:00,net-04,0.1546
2026-01-01T09:22:32,net-01,0.1007
2026-01-01T09:23:30,lb-01,2.2990
2026-01-01T09:23:38,net-04,0.0912
2026-01-01T09:24:18,hd-01,1.7398
2026-01-01T09:24:42,db-02,0.1698
2026-01-01T09:25:06,hd-01,3.4332
2026-01-01T09:27:24,net-03,2.2033
2026-01-01T09:27:28,lb-02,0.3055
2026-01-01T09:28:24,net-02,2.2228
2026-01-01T09:28:27,lb-01,4.6152
2026-01-01T09:28:50,cache-01,2.0700
2026-01-01T09:29:22,lb-02,9.1369
2026-01-01T09:29:30,cache-02,3.1310
2026-01-01T09:29:38,hd-02,0.4662
2026-01-01T09:29:59,lb-02,1.4729
2026-01-01T09:30:02,web-02,4.8662
2026-01-01T09:30:26,lb-02,4.3305
2026-01-01T09:30:31,cache-02,0.7350
2026-01-01T09:30:42,db-02,4.7805
2026-01-01T09:31:23,web-01,2.0868
2026-01-01T09:31:37,lb-02,2.5285
2026-01-01T09:32:09,cache-03,0.0175
2026-01-01T09:33:57,lb-01,0.8453
2026-01-01T09:34:34,hd-01,2.2380
2026-01-01T09:35:01,db-03,0.1530
2026-01-01T09:35:09,cache-01,6.8976
2026-01-01T09:35:51,cache-01,6.9367
2026-01-01T09:36:08,lb-01,19.1172
2026-01-01T09:37:05,web-02,2.5302
2026-01-01T09:37:30,db-01,0.9804
2026-01-01T09:37:43,cache-01,1.3085
2026-01-01T09:38:13,lb-02,1.6212
2026-01-01T09:41:10,net-04,13.4277
2026-01-01T09:41:22,web-01,0.1426
2026-01-01T09:42:31,lb-02,0.0449
2026-01-01T09:42:54,db-03,7.1611
2026-01-01T09:43:13,cache-03,3.1302
2026-01-01T09:43:45,net-02,0.0428
2026-01-01T09:44:45,db-01,3.6074
2026-01-01T09:45:11,cache-03,6.2703
2026-01-01T09:46:19,lb-01,20.4779
2026-01-01T09:47:15,web-04,2.5047
2026-01-01T09:47:40,lb-02,1.4477
2026-01-01T09:48:51,net-01,1.9993
2026-01-01T09:49:39,cache-01,0.5736
2026-01-01T09:49:45,cache-01,4.0557
2026-01-01T09:50:18,net-03,27.9616
2026-01-01T09:50:29,lb-01,0.9769
2026-01-01T09:50:51,hd-01,27.6958
2026-01-01T09:51:03,net-02,0.2816
2026-01-01T09:51:25,hd-01,2.4447
2026-01-01T09:51:31,net-04,0.4172
2026-01-01T09:51:38,db-01,13.0246
2026-01-01T09:51:46,cache-03,1.5401
2026-01-01T09:52:04,net-04,3.0420
2026-01-01T09:52:05,web-04,2.4774
2026-01-01T09:52:06,hd-01,14.8855
2026-01-01T09:52:07,web-03,0.2018
2026-01-01T09:52:23,hd-01,2.5304
2026-01-01T09:52:59,cache-03,0.6351
2026-01-01T09:53:24,lb-02,1.1415
2026-01-01T09:54:23,net-02,15.4139
2026-01-01T09:54:33,db-01,0.3861
2026-01-01T09:55:29,cache-02,20.1159
2026-01-01T09:55:31,cache-02,3.7141
2026-01-01T09:56:09,lb-02,0.4758
2026-01-01T09:56:23,net-03,1.1942
2026-01-01T09:57:30,lb-02,4.9182
2026-01-01T09:57:34,lb-01,1.6092
2026-01-01T09:57:50,lb-02,1.2001
2026-01-01T09:58:30,hd-02,1.7133
2026-01-01T09:59:39,cache-02,3.7222
2026-01-01T10:00:30,db-01,0.6845
2026-01-01T10:00:33,cache-03,33.1598
2026-01-01T10:01:50,lb-02,0.9272
2026-01-01T10:02:06,web-05,2.4605
2026-01-01T10:02:45,net-02,0.2874
2026-01-01T10:03:07,hd-02,1.0565
2026-01-01T10:04:39,cache-03,1.9981
2026-01-01T10:04:43,cache-03,0.3093
2026-01-01T10:05:22,lb-01,0.5136
2026-01-01T10:05:24,hd-02,0.9250
2026-01-01T10:06:17,hd-02,3.5457
2026-01-01T10:07:19,hd-02,1.3399
2026-01-01T10:08:25,lb-02,1.7989
2026-01-01T10:08:36,lb-01,1.5980
2026-01-01T10:08:41,cache-03,2.1413
2026-01-01T10:08:44,web-03,1.0418
2026-01-01T10:08:49,web-05,0.6501
2026-01-01T10:09:15,lb-02,5.5113
2026-01-01T10:09:29,lb-02,0.2181
2026-01-01T10:09:42,cache-02,0.4913
2026-01-01T10:09:57,cache-01,0.0121
2026-01-01T10:10:26,net-02,4.0703
2026-01-01T10:10:30,hd-01,0.1477
2026-01-01T10:10:38,cache-03,2.0022
2026-01-01T10:11:07,hd-02,0.3967
2026-01-01T10:11:26,cache-01,9.8401
2026-01-01T10:14:02,net-02,0.2150
2026-01-01T10:15:11,web-03,15.6819
2026-01-01T10:15:11,cache-03,3.5847
2026-01-01T10:15:43,lb-02,0.5824
2026-01-01T10:16:45,web-05,5.5121
2026-01-01T10:17:41,lb-01,9.2244
2026-01-01T10:18:57,web-02,2.9408
2026-01-01T10:19:19,cache-01,8.3808
2026-01-01T10:19:57,db-03,0.5679
2026-01-01T10:20:24,db-03,4.4249
2026-01-01T10:20:29,lb-01,0.1340
2026-01-01T10:20:35,web-04,0.8603
2026-01-01T10:22:27,hd-02,0.7327
2026-01-01T10:22:38,cache-03,1.3222
2026-01-01T10:23:20,db-03,0.7309
2026-01-01T10:24:50,cache-02,0.4678
2026-01-01T10:25:42,net-03,1.0037
2026-01-01T10:25:56,cache-02,2.6708
2026-01-01T10:26:08,hd-02,0.2394
2026-01-01T10:26:45,net-01,1.0577
2026-01-01T10:27:20,lb-01,5.4221
2026-01-01T10:27:27,lb-02,0.8765
2026-01-01T10:27:36,lb-01,0.0422
2026-01-01T10:28:05,hd-01,0.3194
2026-01-01T10:28:07,db-03,3.2958
2026-01-01T10:29:22,web-01,1.8021
2026-01-01T10:30:58,cache-01,3.4827
2026-01-01T10:31:05,cache-01,0.5102
2026-01-01T10:31:17,db-01,10.5844
2026-01-01T10:32:05,hd-02,1.0205
2026-01-01T10:32:09,hd-02,15.9758
2026-01-01T10:32:23,net-03,1.0706
2026-01-01T10:33:38,net-03,2.8460
2026-01-01T10:33:49,net-03,3.6612
2026-01-01T10:34:06,cache-03,2.0655
2026-01-01T10:35:21,cache-01,2.5212
2026-01-01T10:35:22,cache-02,0.7378
2026-01-01T10:36:15,net-04,7.1672
2026-01-01T10:36:36,db-03,8.5781
2026-01-01T10:37:25,net-01,0.0148
2026-01-01T10:37:50,lb-02,0.6284
2026-01-01T10:38:07,lb-02,4.8934
2026-01-01T10:38:12,web-01,0.6003
2026-01-01T10:38:13,web-05,1.6325
2026-01-01T10:39:15,net-01,4.9892
2026-01-01T10:39:37,hd-01,3.9212
2026-01-01T10:39:37,hd-02,10.4930
2026-01-01T10:39:52,web-01,9.2004
2026-01-01T10:39:55,net-02,0.6859
2026-01-01T10:41:06,cache-01,2.3561
2026-01-01T10:41:09,hd-02,4.5327
2026-01-01T10:41:10,cache-01,1.6445
2026-01-01T10:41:25,web-01,0.1882
2026-01-01T10:41:41,hd-02,2.1791
2026-01-01T10:41:52,hd-01,0.0954
2026-01-01T10:43:02,net-03,6.4515
2026-01-01T10:44:01,cache-02,1.5434
2026-01-01T10:44:45,lb-01,2.0368
2026-01-01T10:45:20,web-01,0.6806
2026-01-01T10:46:41,hd-02,0.2810
2026-01-01T10:46:45,hd-01,0.4175
2026-01-01T10:47:25,db-03,2.6193
2026-01-01T10:47:29,lb-02,10.8525
2026-01-01T10:49:01,net-04,0.3560
2026-01-01T10:49:07,net-01,0.3533
2026-01-01T10:49:32,lb-01,1.2762
2026-01-01T10:51:21,lb-02,1.1232
2026-01-01T10:51:59,hd-02,12.5449
2026-01-01T10:52:00,cache-03,1.2150
2026-01-01T10:52:26,cache-02,1.4188
2026-01-01T10:53:09,hd-01,0.4980
2026-01-01T10:54:26,hd-01,1.4033
2026-01-01T10:54:32,lb-02,2.3360
2026-01-01T10:55:38,db-01,1.7088
2026-01-01T10:56:18,hd-02,0.9557
2026-01-01T10:56:28,hd-01,6.2323
2026-01-01T10:56:39,db-02,0.8612
2026-01-01T10:58:35,hd-01,2.1084
2026-01-01T10:58:48,net-03,1.4930
2026-01-01T10:58:51,hd-02,1.3957
2026-01-01T10:59:37,cache-02,3.9411
2026-01-01T10:59:47,db-01,4.1172
2026-01-01T11:00:17,db-02,0.7744
2026-01-01T11:00:25,cache-02,1.9162
2026-01-01T11:00:36,web-03,1.7965
2026-01-01T11:01:12,lb-02,4.6560
2026-01-01T11:01:23,cache-02,0.3942
2026-01-01T11:03:09,hd-02,0.2626
2026-01-01T11:03:30,hd-01,3.4939
2026-01-01T11:04:13,web-01,2.1838
2026-01-01T11:04:21,db-02,3.3059
2026-01-01T11:04:36,net-02,2.0916
2026-01-01T11:05:11,web-03,7.4574
2026-01-01T11:05:33,hd-01,0.6354
2026-01-01T11:06:20,cache-03,5.9541
2026-01-01T11:07:38,web-02,8.0242
2026-01-01T11:07:48,db-01,0.4436
2026-01-01T11:07:51,net-03,3.6864
2026-01-01T11:08:25,lb-02,1.1773
2026-01-01T11:08:28,lb-02,1.6504
2026-01-01T11:08:38,hd-01,16.7509
2026-01-01T11:08:40,web-02,0.1016
2026-01-01T11:09:51,cache-02,0.3652
2026-01-01T11:10:04,net-04,3.6654
2026-01-01T11:10:52,hd-01,3.6385
2026-01-01T11:11:08,net-04,2.9161
2026-01-01T11:11:14,cache-01,0.1060
2026-01-01T11:12:00,net-04,1.9049
2026-01-01T11:12:20,lb-02,1.6924
2026-01-01T11:12:24,hd-02,0.3677
2026-01-01T11:13:30,net-04,0.4999
2026-01-01T11:14:08,web-03,2.7493
2026-01-01T11:14:09,web-04,4.9843
2026-01-01T11:14:28,db-01,0.4065
2026-01-01T11:14:44,net-03,0.0144
2026-01-01T11:14:49,web-02,1.0692
2026-01-01T11:14:50,lb-02,2.2269
2026-01-01T11:15:00,db-02,0.3745
2026-01-01T11:16:02,db-03,0.5462
2026-01-01T11:16:06,cache-03,1.5517
2026-01-01T11:16:07,hd-01,0.8689
2026-01-01T11:16:23,net-04,4.0172
2026-01-01T11:17:16,cache-02,0.1610
2026-01-01T11:17:18,lb-02,1.0073
2026-01-01T11:17:22,cache-03,1.5610
2026-01-01T11:17:47,db-03,0.4421
2026-01-01T11:17:58,lb-02,0.1476
2026-01-01T11:18:51,net-01,16.7324
2026-01-01T11:19:32,hd-01,0.2584
2026-01-01T11:20:50,web-03,0.9829
2026-01-01T11:21:05,cache-03,0.8960
2026-01-01T11:24:02,net-02,3.2896
2026-01-01T11:24:18,db-01,4.7634
2026-01-01T11:25:01,hd-02,6.0252
2026-01-01T11:25:06,web-05,1.3630
2026-01-01T11:25:13,lb-02,0.8021
2026-01-01T11:25:36,web-05,11.7936
2026-01-01T11:25:51,net-03,3.6603
2026-01-01T11:26:27,db-02,5.8458
2026-01-01T11:26:46,lb-01,0.2400
2026-01-01T11:26:50,lb-01,1.4412
2026-01-01T11:27:13,hd-01,1.7784
2026-01-01T11:27:49,net-02,0.9137
2026-01-01T11:28:13,db-01,0.0240
2026-01-01T11:28:29,lb-01,0.9080
2026-01-01T11:28:35,cache-01,6.0896
2026-01-01T11:28:43,cache-03,11.0541
2026-01-01T11:30:30,net-02,8.2930
2026-01-01T11:31:02,hd-02,0.2162
2026-01-01T11:32:59,hd-02,0.4400
2026-01-01T11:33:23,net-04,0.9149
2026-01-01T11:33:25,lb-02,5.0715
2026-01-01T11:34:27,web-02,0.5402
2026-01-01T11:34:45,lb-02,0.9251
2026-01-01T11:37:02,hd-02,0.6008
2026-01-01T11:37:12,hd-01,0.3875
2026-01-01T11:37:50,db-01,0.3387
2026-01-01T11:38:58,db-01,2.1921
2026-01-01T11:39:02,lb-01,6.8686
2026-01-01T11:40:33,cache-01,2.6621
2026-01-01T11:41:42,db-01,0.8630
2026-01-01T11:41:42,cache-03,0.7330
2026-01-01T11:43:00,db-01,1.5258
2026-01-01T11:43:19,db-02,0.5643
2026-01-01T11:44:00,web-05,0.0665
2026-01-01T11:44:52,cache-01,3.3252
2026-01-01T11:45:28,cache-01,0.4067
2026-01-01T11:45:50,lb-01,8.2803
2026-01-01T11:46:14,hd-01,0.6434
2026-01-01T11:46:35,web-05,0.4259
2026-01-01T11:46:41,web-04,0.5716
2026-01-01T11:47:31,cache-01,3.7598
2026-01-01T11:47:39,lb-01,0.1940
2026-01-01T11:47:42,lb-02,0.4135
2026-01-01T11:47:50,hd-02,11.3980
2026-01-01T11:48:21,cache-01,1.9162
2026-01-01T11:49:36,lb-02,0.9002
2026-01-01T11:49:57,hd-02,4.0709
2026-01-01T11:50:29,web-03,2.7698
2026-01-01T11:51:27,cache-02,4.9864
2026-01-01T11:52:24,db-01,0.8493
2026-01-01T11:53:48,web-04,4.0488
2026-01-01T11:53:53,cache-01,6.7227
2026-01-01T11:53:56,hd-02,18.5413
2026-01-01T11:54:23,net-03,3.6939
2026-01-01T11:54:24,cache-02,0.3476
2026-01-01T11:54:27,web-05,6.1352
2026-01-01T11:54:47,hd-02,0.8357
2026-01-01T11:54:54,lb-02,7.5844
2026-01-01T11:55:34,web-04,2.2213
2026-01-01T11:55:50,web-04,0.9509
2026-01-01T11:56:12,db-01,3.7277
2026-01-01T11:56:17,lb-02,1.4038
2026-01-01T11:56:21,cache-02,8.7642
2026-01-01T11:57:29,hd-01,0.8834
2026-01-01T11:57:36,web-04,1.8255
2026-01-01T11:59:18,cache-02,1.5884
2026-01-01T11:59:37,web-04,0.5534
2026-01-01T12:00:07,cache-01,1.1537
2026-01-01T12:00:19,cache-01,4.5176
2026-01-01T12:01:00,cache-03,2.4463
2026-01-01T12:01:15,cache-03,6.9941
2026-01-01T12:01:44,lb-01,6.4104
2026-01-01T12:01:50,web-01,0.0100
2026-01-01T12:02:25,net-03,2.4190
2026-01-01T12:02:29,web-02,16.7586
2026-01-01T12:02:39,web-03,1.9870
2026-01-01T12:02:41,web-03,2.5010
2026-01-01T12:02:59,cache-02,4.3957
2026-01-01T12:03:33,hd-01,2.8943
2026-01-01T12:04:22,web-01,2.8762
2026-01-01T12:04:36,db-01,2.1779
2026-01-01T12:05:33,db-01,0.1774
2026-01-01T12:05:43,web-01,6.7764
2026-01-01T12:06:58,hd-02,0.9665
2026-01-01T12:07:25,db-01,1.3364
2026-01-01T12:07:30,hd-02,0.5666
2026-01-01T12:07:47,net-02,1.0513
2026-01-01T12:08:06,web-02,1.3835
2026-01-01T12:08:07,cache-01,0.8269
2026-01-01T12:08:51,hd-01,0.2600
2026-01-01T12:08:52,net-02,2.4360
2026-01-01T12:09:28,cache-02,0.5909
2026-01-01T12:10:13,db-02,9.6897
2026-01-01T12:10:26,web-02,33.2923
2026-01-01T12:11:54,net-02,3.2724
2026-01-01T12:12:11,lb-02,1.0872
2026-01-01T12:13:35,web-01,5.8861
2026-01-01T12:13:42,db-03,19.5496
2026-01-01T12:14:28,hd-01,0.6476
2026-01-01T12:15:02,web-02,33.0678
2026-01-01T12:15:13,lb-01,5.8018
2026-01-01T12:15:26,net-04,2.5254
2026-01-01T12:16:01,db-03,5.3318
2026-01-01T12:16:03,hd-01,4.6051
2026-01-01T12:16:08,lb-02,3.6562
2026-01-01T12:16:41,db-01,0.6772
2026-01-01T12:16:43,cache-03,8.1185
2026-01-01T12:17:58,net-04,2.3754
2026-01-01T12:19:12,web-02,8.8086
2026-01-01T12:19:46,net-02,1.3969
2026-01-01T12:19:50,db-03,1.2496
2026-01-01T12:19:51,net-01,0.4681
2026-01-01T12:19:51,web-01,4.7173
2026-01-01T12:20:10,web-02,8.7465
2026-01-01T12:20:15,hd-01,2.6604
2026-01-01T12:20:30,cache-03,5.1940
2026-01-01T12:20:42,web-05,1.5349
2026-01-01T12:21:06,net-03,6.0886
2026-01-01T12:21:27,web-02,0.9452
2026-01-01T12:21:37,net-01,1.4639
2026-01-01T12:22:01,hd-02,1.9996
2026-01-01T12:22:12,lb-01,7.7323
2026-01-01T12:23:16,cache-03,3.1697
2026-01-01T12:23:57,lb-01,5.6085
2026-01-01T12:25:20,hd-01,1.1583
2026-01-01T12:25:59,cache-01,0.1181
2026-01-01T12:26:39,lb-02,1.0076
2026-01-01T12:27:38,hd-01,0.6028
2026-01-01T12:28:38,net-04,3.1790
2026-01-01T12:29:03,lb-01,0.8567
2026-01-01T12:29:35,cache-01,1.1214
2026-01-01T12:30:01,db-03,5.9442
2026-01-01T12:30:11,hd-01,0.3894
2026-01-01T12:30:22,lb-01,0.3238
2026-01-01T12:30:49,db-02,0.8407
2026-01-01T12:31:43,lb-01,0.7927
2026-01-01T12:31:53,lb-01,9.3941
2026-01-01T12:31:58,lb-02,0.0929
2026-01-01T12:32:46,lb-01,1.7626
2026-01-01T12:32:56,lb-02,3.5818
2026-01-01T12:33:40,db-01,0.3563
2026-01-01T12:34:04,lb-01,11.2253
2026-01-01T12:34:11,hd-01,2.0745
2026-01-01T12:34:14,web-01,0.6226
2026-01-01T12:34:24,web-03,1.4080
2026-01-01T12:34:45,db-01,0.0931
2026-01-01T12:35:50,hd-02,0.9891
2026-01-01T12:36:17,net-04,1.3087
2026-01-01T12:36:30,net-01,3.6433
2026-01-01T12:36:42,db-03,0.2920
2026-01-01T12:36:59,net-01,0.2545
2026-01-01T12:37:17,web-03,9.2810
2026-01-01T12:37:23,web-04,0.6336
2026-01-01T12:37:24,hd-01,3.9127
2026-01-01T12:38:07,hd-01,0.0443
2026-01-01T12:38:16,cache-03,6.9550
2026-01-01T12:38:48,cache-02,0.4362
2026-01-01T12:39:15,net-03,1.8178
2026-01-01T12:39:30,net-02,0.7484
2026-01-01T12:39:48,hd-02,10.3479
2026-01-01T12:40:50,net-01,0.8632
2026-01-01T12:42:29,net-02,0.1183
2026-01-01T12:42:49,db-03,0.9530
2026-01-01T12:42:54,lb-02,4.4680
2026-01-01T12:43:39,net-01,14.9458
2026-01-01T12:44:10,net-04,6.5519
2026-01-01T12:44:25,cache-02,1.7208
2026-01-01T12:44:39,net-02,1.5375
2026-01-01T12:45:22,db-03,0.7974
2026-01-01T12:45:39,hd-02,1.1157
2026-01-01T12:45:40,net-01,5.5197
2026-01-01T12:45:45,hd-01,8.8235
2026-01-01T12:46:10,db-02,2.5898
2026-01-01T12:46:15,hd-02,0.0980
2026-01-01T12:47:19,lb-02,3.4536
2026-01-01T12:50:16,web-04,0.1833
2026-01-01T12:51:24,net-04,7.6971
2026-01-01T12:52:44,hd-01,1.2525
2026-01-01T12:53:27,db-02,2.4264
2026-01-01T12:53:35,web-03,1.7473
2026-01-01T12:53:36,lb-02,1.1987
2026-01-01T12:53:43,db-01,0.1865
2026-01-01T12:54:37,hd-02,0.6884
2026-01-01T12:55:14,web-02,0.1204
2026-01-01T12:55:17,net-02,0.5265
2026-01-01T12:55:38,web-01,3.2717
2026-01-01T12:56:28,lb-02,0.4694
2026-01-01T12:57:23,net-04,4.3871
2026-01-01T12:57:29,db-01,5.0382
2026-01-01T12:57:32,net-03,0.9054
2026-01-01T12:57:57,lb-02,0.1143
2026-01-01T12:58:29,cache-02,2.6253
2026-01-01T12:59:00,lb-01,0.7013
2026-01-01T12:59:14,lb-01,0.1642
2026-01-01T13:00:02,hd-02,0.5115
2026-01-01T13:00:52,db-03,0.1100
2026-01-01T13:01:27,lb-02,0.3977
2026-01-01T13:02:12,web-04,5.2452
2026-01-01T13:02:57,lb-01,0.6069
2026-01-01T13:03:43,hd-02,5.8174
2026-01-01T13:04:20,lb-02,18.1464
2026-01-01T13:04:29,web-03,14.2087
2026-01-01T13:05:07,cache-02,1.3848
2026-01-01T13:05:17,cache-03,0.1729
2026-01-01T13:05:46,cache-01,1.6747
2026-01-01T13:06:02,db-01,5.8821
2026-01-01T13:06:16,lb-01,0.9961
2026-01-01T13:06:20,net-02,3.5867
2026-01-01T13:06:51,db-02,1.1993
2026-01-01T13:06:56,web-05,6.5527
2026-01-01T13:07:01,hd-01,2.6090
2026-01-01T13:07:20,db-03,2.1790
2026-01-01T13:07:53,hd-01,1.7041
2026-01-01T13:08:09,net-04,2.9033
2026-01-01T13:08:15,hd-02,5.0729
2026-01-01T13:08:20,cache-02,2.2791
2026-01-01T13:08:34,web-01,2.8565
2026-01-01T13:10:13,net-04,0.1888
2026-01-01T13:10:32,cache-02,0.1552
2026-01-01T13:10:42,db-01,17.9415
2026-01-01T13:10:59,web-04,0.4223
2026-01-01T13:11:51,db-03,2.2819
2026-01-01T13:11:57,hd-02,1.2818
2026-01-01T13:12:00,web-03,4.1122
2026-01-01T13:12:02,hd-02,3.8630
2026-01-01T13:12:25,web-01,3.7681
2026-01-01T13:13:02,db-02,1.4689
2026-01-01T13:13:36,cache-02,0.3655
2026-01-01T13:13:59,db-03,0.0148
2026-01-01T13:14:00,web-01,21.4436
2026-01-01T13:14:20,hd-01,2.0508
2026-01-01T13:14:33,db-01,2.1956
2026-01-01T13:15:45,lb-01,0.3380
2026-01-01T13:16:23,cache-02,0.5559
2026-01-01T13:16:30,hd-01,3.3896
2026-01-01T13:16:47,cache-03,0.9513
2026-01-01T13:16:53,db-01,0.4903
2026-01-01T13:17:05,db-03,1.3311
2026-01-01T13:17:16,lb-01,0.7581
2026-01-01T13:18:34,db-03,2.7683
2026-01-01T13:18:53,net-02,24.8980
2026-01-01T13:19:02,db-02,2.6988
2026-01-01T13:19:08,lb-02,5.0589
2026-01-01T13:19:31,lb-02,11.1116
2026-01-01T13:19:38,lb-01,3.2993
2026-01-01T13:19:48,web-01,5.9100
2026-01-01T13:19:51,cache-01,2.3911
2026-01-01T13:20:16,hd-02,2.1211
2026-01-01T13:20:17,cache-01,1.6213
2026-01-01T13:20:27,cache-03,11.5338
2026-01-01T13:20:34,net-02,16.6467
2026-01-01T13:20:47,cache-03,3.1361
2026-01-01T13:22:25,net-04,2.7699
2026-01-01T13:22:40,db-03,3.3058
2026-01-01T13:22:44,cache-03,1.6000
2026-01-01T13:22:48,cache-02,0.9280
2026-01-01T13:23:45,cache-01,3.9833
2026-01-01T13:23:50,lb-02,1.8662
2026-01-01T13:24:08,net-02,0.0098
2026-01-01T13:24:25,lb-01,2.8121
2026-01-01T13:24:31,lb-02,0.8668
2026-01-01T13:25:13,net-01,3.9048
2026-01-01T13:25:14,web-02,1.7758
2026-01-01T13:25:19,cache-02,1.0099
2026-01-01T13:26:29,net-01,1.3846
2026-01-01T13:26:33,net-01,0.5439
2026-01-01T13:26:43,cache-01,0.3486
2026-01-01T13:27:09,net-03,3.0940
2026-01-01T13:27:14,hd-02,1.4972
2026-01-01T13:27:28,web-01,3.9825
2026-01-01T13:27:58,net-03,11.3972
2026-01-01T13:28:00,db-01,0.4618
2026-01-01T13:28:23,net-02,0.4416
2026-01-01T13:28:46,web-04,1.4238
2026-01-01T13:28:56,lb-01,0.5853
2026-01-01T13:29:14,web-05,1.3114
2026-01-01T13:29:23,web-02,10.8474
2026-01-01T13:29:24,hd-02,0.3497
2026-01-01T13:30:42,hd-01,1.1314
2026-01-01T13:31:20,net-01,0.7537
2026-01-01T13:32:15,cache-01,0.4383
2026-01-01T13:32:23,net-03,4.0589
2026-01-01T13:33:02,db-02,9.2989
2026-01-01T13:33:31,db-02,0.0209
2026-01-01T13:34:43,cache-01,2.1621
2026-01-01T13:34:55,cache-02,2.4567
2026-01-01T13:34:57,cache-02,1.7888
2026-01-01T13:35:13,hd-02,0.6084
2026-01-01T13:37:33,net-03,7.7924
2026-01-01T13:37:59,lb-01,0.9702
2026-01-01T13:38:07,net-03,1.1155
2026-01-01T13:38:18,lb-01,1.6809
2026-01-01T13:39:05,web-03,0.4011
2026-01-01T13:39:34,lb-02,2.8632
2026-01-01T13:40:02,hd-02,2.1709
2026-01-01T13:40:33,net-04,0.9977
2026-01-01T13:40:42,db-01,1.9402
2026-01-01T13:41:06,web-03,1.1063
2026-01-01T13:41:17,hd-01,4.8650
2026-01-01T13:43:41,net-02,2.4121
2026-01-01T13:44:08,lb-02,0.1596
2026-01-01T13:44:12,web-02,0.7554
2026-01-01T13:44:40,cache-03,1.3019
2026-01-01T13:44:41,lb-02,0.6587
2026-01-01T13:45:00,net-02,5.3235
2026-01-01T13:45:19,lb-01,5.9670
2026-01-01T13:45:47,cache-03,2.0159
2026-01-01T13:45:57,web-02,18.3399
2026-01-01T13:46:46,web-03,1.2086
2026-01-01T13:47:14,db-02,1.2708
2026-01-01T13:47:19,web-02,0.8647
2026-01-01T13:47:52,lb-02,0.9900
2026-01-01T13:48:35,cache-02,3.7701
2026-01-01T13:49:59,cache-03,1.7015
2026-01-01T13:50:33,cache-01,0.3492
2026-01-01T13:53:53,lb-01,1.5903
2026-01-01T13:54:37,web-05,0.0074
2026-01-01T13:54:38,lb-02,1.2966
2026-01-01T13:54:45,db-02,3.5423
2026-01-01T13:55:11,hd-01,0.0869
2026-01-01T13:55:13,web-05,1.3188
2026-01-01T13:55:24,hd-02,1.8983
2026-01-01T13:55:34,web-05,3.7230
2026-01-01T13:55:58,lb-01,0.1606
2026-01-01T13:55:59,lb-02,0.3835
2026-01-01T13:56:23,web-02,9.8206
2026-01-01T13:56:38,web-01,0.8103
2026-01-01T13:56:40,db-03,2.7448
2026-01-01T13:58:11,lb-02,6.1514
2026-01-01T14:00:16,cache-02,16.8207
2026-01-01T14:00:31,db-02,1.4391
2026-01-01T14:00:48,web-05,1.9618
2026-01-01T14:01:13,lb-01,2.3605
2026-01-01T14:02:34,web-05,1.3007
2026-01-01T14:02:38,lb-01,18.1027
2026-01-01T14:02:39,web-04,1.0862
2026-01-01T14:03:14,hd-02,0.6245
2026-01-01T14:03:36,cache-01,1.9172
2026-01-01T14:03:39,cache-02,2.8008
2026-01-01T14:03:41,hd-02,4.6683
2026-01-01T14:03:53,cache-01,2.5047
2026-01-01T14:04:38,lb-02,0.1200
2026-01-01T14:05:01,cache-02,2.3503
2026-01-01T14:05:05,hd-02,0.9804
2026-01-01T14:05:18,db-02,1.0661
2026-01-01T14:05:50,web-01,0.0853
2026-01-01T14:05:52,net-04,0.1349
2026-01-01T14:06:45,web-04,0.4461
2026-01-01T14:07:54,cache-01,0.7461
2026-01-01T14:08:30,db-01,0.9476
2026-01-01T14:08:38,db-02,3.5870
2026-01-01T14:09:43,lb-02,3.8103
2026-01-01T14:09:44,web-02,3.8432
2026-01-01T14:09:45,lb-01,0.4916
2026-01-01T14:10:12,lb-01,2.4694
2026-01-01T14:11:32,hd-01,0.5062
2026-01-01T14:11:44,cache-02,2.4694
2026-01-01T14:12:08,hd-01,0.8419
2026-01-01T14:12:27,web-04,4.0122
2026-01-01T14:12:53,net-02,3.7553
2026-01-01T14:14:42,cache-01,0.6579
2026-01-01T14:14:53,cache-02,5.2345
2026-01-01T14:15:18,hd-02,1.0333
2026-01-01T14:15:21,cache-02,4.6899
2026-01-01T14:15:37,hd-01,5.6715
2026-01-01T14:15:47,lb-01,0.1425
2026-01-01T14:16:57,net-03,1.4789
2026-01-01T14:17:00,web-01,0.8728
2026-01-01T14:17:22,hd-02,0.3870
2026-01-01T14:17:26,lb-02,0.6358
2026-01-01T14:17:42,net-04,8.7759
2026-01-01T14:17:58,hd-01,1.2979
2026-01-01T14:18:39,hd-02,0.3464
2026-01-01T14:18:45,db-02,0.3884
2026-01-01T14:18:52,net-03,100.0000
2026-01-01T14:19:17,lb-02,1.9072
2026-01-01T14:19:20,cache-01,7.5932
2026-01-01T14:19:22,web-04,1.3269
2026-01-01T14:20:00,cache-01,0.3782
2026-01-01T14:20:24,db-01,0.5705
2026-01-01T14:20:53,hd-01,0.1365
2026-01-01T14:20:59,db-01,18.0221
2026-01-01T14:21:06,web-05,1.5174
2026-01-01T14:21:22,hd-01,2.7313
2026-01-01T14:21:47,db-01,1.4057
2026-01-01T14:22:03,cache-01,3.5501
2026-01-01T14:22:11,web-01,2.6407
2026-01-01T14:23:01,lb-01,1.0053
2026-01-01T14:23:02,lb-01,0.0385
2026-01-01T14:23:51,db-02,2.2592
2026-01-01T14:24:59,web-05,0.8393
2026-01-01T14:25:38,db-02,2.2874
2026-01-01T14:25:44,lb-01,12.2086
2026-01-01T14:25:56,lb-02,15.8570
2026-01-01T14:26:06,web-05,21.2709
2026-01-01T14:26:09,hd-02,2.2160
2026-01-01T14:27:43,hd-01,7.9988
2026-01-01T14:28:41,net-03,8.4132
2026-01-01T14:29:13,cache-02,0.0277
2026-01-01T14:29:15,hd-02,3.3575
2026-01-01T14:29:23,lb-01,1.9635
2026-01-01T14:29:54,cache-03,0.1111
2026-01-01T14:31:15,web-01,6.8817
2026-01-01T14:31:54,db-01,6.8017
2026-01-01T14:33:04,web-03,2.3095
2026-01-01T14:33:16,lb-01,0.0646
2026-01-01T14:33:21,web-02,0.8990
2026-01-01T14:34:08,db-03,2.0462
2026-01-01T14:34:17,web-03,2.7574
2026-01-01T14:34:52,lb-01,10.9646
2026-01-01T14:35:17,net-01,0.9650
2026-01-01T14:35:23,web-05,0.6222
2026-01-01T14:35:52,hd-01,0.0662
2026-01-01T14:37:21,db-02,0.0512
2026-01-01T14:37:34,cache-01,0.6785
2026-01-01T14:39:38,lb-02,12.2847
2026-01-01T14:39:52,cache-02,1.1131
2026-01-01T14:40:10,net-04,0.4392
2026-01-01T14:40:15,cache-03,2.6536
2026-01-01T14:40:35,web-05,7.5647
2026-01-01T14:40:35,net-04,0.2561
2026-01-01T14:40:59,lb-01,0.4242
2026-01-01T14:42:11,net-04,1.6192
2026-01-01T14:42:35,net-04,0.1520
2026-01-01T14:43:06,hd-01,2.5645
2026-01-01T14:43:12,net-03,2.6127
2026-01-01T14:43:25,cache-01,4.6866
2026-01-01T14:44:19,net-01,2.4988
2026-01-01T14:45:00,net-03,0.5138
2026-01-01T14:45:00,db-02,0.8110
2026-01-01T14:47:20,web-04,0.4058
2026-01-01T14:47:50,db-03,0.0323
2026-01-01T14:48:37,net-04,16.4090
2026-01-01T14:49:48,db-01,0.9388
2026-01-01T14:49:51,db-03,0.2771
2026-01-01T14:50:07,lb-02,0.3329
2026-01-01T14:50:19,hd-02,0.5866
2026-01-01T14:51:54,net-04,3.6069
2026-01-01T14:52:11,cache-03,1.0952
2026-01-01T14:52:13,cache-02,2.3456
2026-01-01T14:53:26,web-03,5.2310
2026-01-01T14:53:34,cache-01,0.5009
2026-01-01T14:54:27,web-01,0.0779
2026-01-01T14:54:50,net-02,2.7399
2026-01-01T14:54:56,hd-01,1.0682
2026-01-01T14:56:29,cache-02,1.8505
2026-01-01T14:57:25,hd-02,1.4397
2026-01-01T14:57:33,hd-01,2.6025
2026-01-01T14:58:50,web-02,0.2590
2026-01-01T14:59:07,hd-01,0.6567
2026-01-01T14:59:11,lb-02,1.3094
2026-01-01T14:59:31,net-04,0.0990
2026-01-01T14:59:42,lb-02,3.4763
2026-01-01T14:59:50,web-01,6.7217
2026-01-01T15:00:21,lb-01,3.9045
2026-01-01T15:01:19,db-03,2.5526
2026-01-01T15:01:26,db-02,1.0783
2026-01-01T15:01:29,web-03,11.1456
2026-01-01T15:01:44,hd-02,3.4778
2026-01-01T15:01:53,db-01,0.1273
2026-01-01T15:01:59,net-03,20.9544
2026-01-01T15:03:59,web-02,0.8082
2026-01-01T15:04:19,cache-01,5.6590
2026-01-01T15:05:10,web-03,0.9094
2026-01-01T15:05:54,cache-03,1.0956
2026-01-01T15:07:03,net-03,1.7855
2026-01-01T15:07:18,db-01,19.9507
2026-01-01T15:07:58,hd-02,0.4593
2026-01-01T15:08:24,web-04,2.3695
2026-01-01T15:08:58,hd-01,0.0059
2026-01-01T15:08:59,hd-02,6.4054
2026-01-01T15:09:22,lb-01,0.1691
2026-01-01T15:09:55,net-03,0.3248
2026-01-01T15:10:42,hd-02,1.8653
2026-01-01T15:10:53,cache-02,0.1170
2026-01-01T15:11:33,lb-02,0.3509
2026-01-01T15:12:29,db-02,4.8646
2026-01-01T15:12:34,web-02,2.4923
2026-01-01T15:12:36,cache-02,4.0260
2026-01-01T15:13:31,web-04,0.6518
2026-01-01T15:14:44,web-05,8.7413
2026-01-01T15:14:48,web-04,2.7391
2026-01-01T15:15:30,net-03,2.1384
2026-01-01T15:16:26,hd-01,1.0332
2026-01-01T15:16:49,cache-03,0.3352
2026-01-01T15:17:28,web-04,7.5449
2026-01-01T15:18:08,net-04,0.0402
2026-01-01T15:18:18,web-04,0.5601
2026-01-01T15:18:20,hd-01,18.5080
2026-01-01T15:19:09,net-02,12.5460
2026-01-01T15:21:08,hd-02,0.2144
2026-01-01T15:21:37,db-02,2.3592
2026-01-01T15:21:59,hd-01,14.7871
2026-01-01T15:22:16,db-01,4.1182
2026-01-01T15:22:55,net-02,0.2496
2026-01-01T15:23:14,web-05,0.4621
2026-01-01T15:23:19,lb-02,0.1968
2026-01-01T15:23:31,net-01,8.0469
2026-01-01T15:23:35,lb-02,1.3627
2026-01-01T15:23:54,net-03,3.4984
2026-01-01T15:24:48,db-01,0.8115
2026-01-01T15:24:59,db-03,0.9356
2026-01-01T15:25:55,net-04,1.3276
2026-01-01T15:27:03,web-05,20.9287
2026-01-01T15:27:04,net-02,0.4809
2026-01-01T15:27:11,web-05,3.9806
2026-01-01T15:27:47,lb-02,0.1569
2026-01-01T15:27:59,cache-03,2.5345
2026-01-01T15:28:07,hd-02,3.8995
2026-01-01T15:28:49,net-04,1.3777
2026-01-01T15:29:07,cache-03,0.7709
2026-01-01T15:29:43,net-03,5.3220
2026-01-01T15:29:48,lb-02,0.5526
2026-01-01T15:29:55,hd-01,1.3179
2026-01-01T15:30:12,hd-01,6.2268
2026-01-01T15:30:39,db-02,3.1466
2026-01-01T15:31:01,db-01,6.9606
2026-01-01T15:31:10,net-02,6.1690
2026-01-01T15:31:36,lb-02,3.7517
2026-01-01T15:32:06,web-01,0.9162
2026-01-01T15:32:08,lb-01,5.7379
2026-01-01T15:32:51,hd-01,0.4832
2026-01-01T15:32:56,web-03,0.7560
2026-01-01T15:33:00,cache-03,1.7515
2026-01-01T15:33:30,db-01,5.7957
2026-01-01T15:34:20,web-05,1.3901
2026-01-01T15:35:17,lb-01,2.8465
2026-01-01T15:35:39,web-04,0.1699
2026-01-01T15:35:48,db-02,3.9767
2026-01-01T15:36:46,net-04,1.7768
2026-01-01T15:38:17,net-02,6.1382
2026-01-01T15:38:21,lb-01,0.1819
2026-01-01T15:38:33,db-01,9.9994
2026-01-01T15:38:50,web-02,3.8164
2026-01-01T15:39:07,lb-02,4.5148
2026-01-01T15:39:17,net-02,2.4742
2026-01-01T15:40:08,web-03,0.2439
2026-01-01T15:41:27,hd-01,4.8197
2026-01-01T15:41:47,hd-02,12.8019
2026-01-01T15:42:48,net-04,0.5959
2026-01-01T15:42:53,hd-02,7.2815
2026-01-01T15:42:58,net-01,6.4360
2026-01-01T15:43:52,cache-03,1.2445
2026-01-01T15:44:06,hd-01,0.1399
2026-01-01T15:44:20,net-01,0.5852
2026-01-01T15:44:45,lb-01,0.2358
2026-01-01T15:45:37,cache-02,0.1885
2026-01-01T15:46:11,db-01,2.3854
2026-01-01T15:47:07,lb-02,0.5824
2026-01-01T15:47:12,db-03,0.9873
2026-01-01T15:47:39,net-04,2.1851
2026-01-01T15:48:27,cache-01,0.1041
2026-01-01T15:48:32,web-03,0.1115
2026-01-01T15:49:12,lb-02,3.6534
2026-01-01T15:49:16,lb-01,0.5824
2026-01-01T15:49:23,net-01,0.3789
2026-01-01T15:50:08,lb-02,18.0215
2026-01-01T15:50:16,cache-01,4.3619
2026-01-01T15:50:38,cache-01,0.5982
2026-01-01T15:51:05,hd-02,0.6915
2026-01-01T15:51:39,hd-01,0.4165
2026-01-01T15:52:11,net-03,2.7954
2026-01-01T15:52:13,hd-02,46.2386
2026-01-01T15:52:52,lb-02,4.7226
2026-01-01T15:53:05,lb-01,7.6958
2026-01-01T15:53:59,hd-01,3.1476
2026-01-01T15:54:09,net-01,4.6549
2026-01-01T15:54:24,web-04,80.7161
2026-01-01T15:55:12,lb-02,1.5603
2026-01-01T15:55:34,web-01,3.8110
2026-01-01T15:55:54,cache-01,0.0677
2026-01-01T15:57:25,db-02,2.8005
2026-01-01T15:57:27,cache-03,0.4568
2026-01-01T15:57:37,db-01,0.7902
2026-01-01T15:58:06,net-01,0.1939
2026-01-01T15:59:28,hd-02,3.4346
2026-01-01T15:59:37,db-03,0.4460
2026-01-01T16:00:04,net-01,0.8372
2026-01-01T16:00:45,cache-02,3.5354
2026-01-01T16:00:49,lb-02,0.2990
2026-01-01T16:01:27,net-03,2.7120
2026-01-01T16:02:07,lb-01,2.1955
2026-01-01T16:02:16,hd-02,1.2837
2026-01-01T16:03:55,cache-01,1.1321
2026-01-01T16:04:09,web-02,5.2955
2026-01-01T16:04:12,net-02,0.4484
2026-01-01T16:04:15,web-04,1.4569
2026-01-01T16:04:15,net-04,0.0080
2026-01-01T16:04:15,cache-02,0.1986
2026-01-01T16:04:31,cache-01,2.3340
2026-01-01T16:05:34,cache-03,2.7730
2026-01-01T16:06:32,lb-02,4.0883
2026-01-01T16:06:52,lb-02,5.2082
2026-01-01T16:08:06,cache-02,0.8063
2026-01-01T16:08:26,cache-03,2.2829
2026-01-01T16:08:39,web-01,9.5265
2026-01-01T16:09:10,db-03,0.1034
2026-01-01T16:09:45,web-02,15.5504
2026-01-01T16:09:53,cache-01,0.5431
2026-01-01T16:09:59,cache-03,2.1941
2026-01-01T16:09:59,cache-03,1.2937
2026-01-01T16:10:02,web-02,0.0344
2026-01-01T16:10:49,hd-02,0.0231
2026-01-01T16:11:30,db-02,0.9122
2026-01-01T16:11:32,cache-03,2.0371
2026-01-01T16:12:01,web-01,1.5990
2026-01-01T16:12:55,db-03,11.0021
2026-01-01T16:13:57,lb-01,6.1284
2026-01-01T16:14:56,db-03,2.7737
2026-01-01T16:15:21,net-04,9.6680
2026-01-01T16:15:34,lb-02,1.3451
2026-01-01T16:15:52,lb-02,1.1974
2026-01-01T16:16:10,web-04,1.8420
2026-01-01T16:16:26,cache-01,2.5811
2026-01-01T16:17:30,web-03,0.8775
2026-01-01T16:17:34,net-01,4.9077
2026-01-01T16:18:00,db-03,1.1039
2026-01-01T16:18:41,lb-01,17.6696
2026-01-01T16:18:47,web-01,5.7272
2026-01-01T16:18:51,db-02,16.7739
2026-01-01T16:20:21,net-04,3.4911
2026-01-01T16:20:30,net-02,9.9659
2026-01-01T16:20:36,lb-01,4.2169
2026-01-01T16:20:46,net-03,19.4369
2026-01-01T16:21:05,db-03,3.6847
2026-01-01T16:21:06,net-04,14.8939
2026-01-01T16:21:44,web-01,4.5662
2026-01-01T16:22:16,net-03,2.0403
2026-01-01T16:22:52,hd-02,0.1676
2026-01-01T16:23:39,hd-01,6.5124
2026-01-01T16:24:26,web-04,7.0977
2026-01-01T16:26:49,net-04,0.6096
2026-01-01T16:27:06,web-01,3.2956
2026-01-01T16:27:28,lb-01,9.0692
2026-01-01T16:28:01,web-01,0.1190
2026-01-01T16:28:33,lb-01,2.8562
2026-01-01T16:29:49,web-04,0.3983
2026-01-01T16:30:12,db-01,2.9988
2026-01-01T16:30:32,cache-03,3.7493
2026-01-01T16:30:36,lb-01,1.1875
2026-01-01T16:30:42,cache-02,8.6804
2026-01-01T16:30:55,web-03,9.0043
2026-01-01T16:30:58,net-04,2.8809
2026-01-01T16:31:57,net-02,2.4814
2026-01-01T16:32:49,db-01,5.1134
2026-01-01T16:32:53,web-01,2.7902
2026-01-01T16:32:56,hd-01,24.6093
2026-01-01T16:33:04,lb-01,1.8165
2026-01-01T16:33:16,web-05,0.6331
2026-01-01T16:33:19,web-03,3.5467
2026-01-01T16:33:38,db-02,3.4604
2026-01-01T16:34:51,web-05,5.9490
2026-01-01T16:34:51,cache-01,2.2142
2026-01-01T16:34:57,db-01,2.9765
2026-01-01T16:35:42,db-01,1.5826
