2026-05-05T03:56:41,api-04,74.16
2026-02-17T13:16:43,app-18,73.65
2026-05-12T09:38:53,api-76,42.19
2026-01-06T18:51:54,api-28,23.27
2026-04-27T21:36:38,web-72,19.88
2026-05-07T04:40:51,auth-29,44.92
2026-02-24T00:27:45,web-98,80.58
2026-05-16T13:33:55,auth-44,27.79
2026-02-11T19:26:05,cache-14,9.27
2026-01-19T18:43:51,cache-45,60.37
2026-06-06T17:29:25,web-94,45.94
2026-01-25T05:43:55,auth-11,55.20
2026-06-11T01:18:21,cache-74,19.23
2026-01-14T12:09:01,web-85,22.79
2026-02-26T04:38:44,api-30,86.65
2026-03-15T19:30:59,svc-59,63.57
2026-03-12T20:14:28,db-48,35.53
2026-05-11T03:14:33,svc-90,93.67
2026-05-06T20:03:49,api-78,63.50
2026-04-14T17:16:20,app-21,46.23
2026-02-22T10:02:52,app-88,32.43
2026-05-30T04:36:02,web-30,82.18
2026-06-06T07:47:07,cache-52,26.77
2026-02-10T23:15:04,cache-28,65.54
2026-03-18T19:46:41,job-19,26.49
2026-02-17T21:22:02,svc-96,58.46
2026-06-24T08:09:28,auth-47,21.93
2026-01-27T20:40:21,job-12,75.58
2026-06-17T05:01:49,api-20,62.74
2026-06-03T19:21:26,auth-77,6.35
2026-03-16T02:28:29,job-68,25.14
2026-04-18T10:13:10,web-88,72.07
2026-05-13T09:00:02,svc-99,64.10
2026-01-22T15:52:14,svc-56,15.82
2026-01-01T15:07:27,svc-65,76.20
2026-04-09T13:58:05,api-81,29.84
2026-05-05T01:43:13,app-20,37.39
2026-02-01T08:52:23,web-77,32.42
2026-01-04T18:46:05,api-47,87.87
2026-06-11T11:50:32,svc-31,5.79
2026-06-20T11:49:16,api-11,73.19
2026-06-08T10:56:38,api-98,53.27
2026-01-25T10:05:11,db-85,47.53
2026-04-17T18:16:13,db-34,52.77
2026-04-28T18:55:57,auth-28,92.89
2026-05-27T15:47:27,app-92,31.17
2026-05-11T10:17:17,cache-57,89.96
2026-03-29T16:04:40,api-32,22.47
2026-03-07T15:35:34,web-76,55.39
2026-04-25T06:19:46,app-01,7.10
2026-05-03T13:09:10,web-30,6.74
2026-01-07T02:23:41,cache-10,51.42
2026-02-24T01:47:53,job-28,53.92
2026-05-21T11:04:02,job-32,78.46
2026-06-06T19:12:31,auth-25,9.43
2026-05-08T23:04:55,auth-46,42.36
2026-04-01T16:29:33,web-87,65.35
2026-05-06T11:24:57,api-08,40.26
2026-03-07T21:15:53,api-32,19.16
2026-04-15T03:16:21,job-18,42.19
2026-02-24T02:06:52,job-32,87.45
2026-01-15T15:19:08,job-71,9.79
2026-05-07T15:12:55,web-12,92.64
2026-06-14T19:12:31,app-22,40.64
2026-04-04T11:17:34,app-52,90.24
2026-02-01T23:15:52,auth-01,98.53
2026-02-21T11:56:08,job-37,42.30
2026-05-22T20:24:05,job-20,18.99
2026-02-12T06:33:34,web-75,73.57
2026-01-12T20:04:58,cache-08,5.01
2026-04-03T13:59:43,db-08,96.08
2026-01-16T13:20:47,db-09,59.50
2026-05-12T02:43:06,app-52,11.99
2026-06-22T21:02:22,app-75,59.45
2026-05-01T06:31:37,api-54,65.74
2026-04-20T18:08:54,cache-34,20.43
2026-05-20T01:41:44,cache-31,26.56
2026-01-26T09:56:13,svc-59,31.62
2026-05-26T23:56:32,api-02,45.83
2026-04-20T07:44:25,api-10,53.76
2026-04-09T05:35:36,svc-17,93.33
2026-06-21T01:07:28,api-32,36.95
2026-01-31T15:09:12,job-70,70.35
2026-04-29T18:37:29,web-86,81.71
2026-02-28T03:12:21,api-18,26.45
2026-06-22T18:21:42,api-96,55.32
2026-02-22T21:14:04,svc-78,21.06
2026-03-08T13:56:16,app-88,63.42
2026-02-21T06:15:14,job-33,90.53
2026-06-14T07:07:44,web-12,63.43
2026-06-11T01:02:32,svc-06,0.35
2026-05-30T17:40:33,db-82,97.98
2026-02-01T09:01:35,job-71,70.57
2026-04-19T22:00:55,web-15,7.52
2026-06-21T11:34:26,db-70,3.60
2026-03-13T16:40:16,db-56,12.74
2026-03-01T20:35:16,cache-06,89.89
2026-02-10T19:01:39,app-86,10.28
2026-06-01T11:36:18,auth-80,74.95
2026-06-29T18:22:19,app-21,97.62
2026-06-07T10:28:12,db-53,2.48
2026-05-24T00:38:21,cache-53,80.22
2026-06-17T18:49:48,app-35,15.92
2026-05-17T04:11:35,api-49,87.22
2026-06-16T17:20:04,job-29,19.96
2026-06-28T08:17:45,job-45,30.52
2026-06-04T10:34:43,app-29,2.37
2026-02-07T12:03:00,auth-43,27.86
2026-01-14T11:31:26,svc-45,64.15
2026-03-19T14:38:10,cache-04,11.53
2026-02-20T17:21:03,db-75,96.25
2026-02-21T13:09:46,web-14,59.66
2026-03-09T03:01:07,cache-56,60.62
2026-04-10T07:24:15,api-50,89.95
2026-02-06T21:49:52,svc-06,70.88
2026-01-01T07:52:54,app-47,43.13
2026-05-09T23:34:19,cache-80,31.39
2026-06-14T16:02:15,api-93,90.00
2026-04-09T11:21:43,svc-86,40.84
2026-03-20T03:19:18,svc-71,12.73
2026-03-23T15:25:18,auth-87,74.81
2026-02-03T19:01:34,svc-52,54.79
2026-01-01T01:53:30,svc-37,21.02
2026-06-02T13:54:05,cache-60,44.18
2026-05-12T04:39:04,app-66,47.32
2026-06-24T23:48:25,db-85,8.48
2026-04-11T02:10:49,cache-12,81.84
2026-05-26T20:33:26,app-87,31.04
2026-06-06T14:51:19,app-19,2.44
2026-02-17T13:02:56,job-79,84.97
2026-01-15T03:24:14,job-54,88.61
2026-04-22T18:49:15,app-92,69.64
2026-04-06T23:57:52,auth-32,14.76
2026-05-14T12:33:09,web-97,86.04
2026-06-21T22:34:01,api-55,21.88
2026-06-06T03:25:24,job-07,55.74
2026-06-28T03:43:12,api-59,13.33
2026-04-01T05:23:39,cache-97,89.14
2026-04-29T23:10:00,auth-71,44.59
2026-01-31T21:43:46,job-58,25.92
2026-02-18T00:13:14,svc-99,77.77
2026-04-05T02:23:08,app-36,43.99
2026-05-19T13:21:36,svc-31,27.17
2026-03-04T01:57:16,api-18,15.08
2026-03-16T09:04:25,db-91,21.40
2026-03-22T13:25:28,auth-43,54.26
2026-03-22T17:38:54,web-27,83.29
2026-03-17T15:05:36,web-98,57.57
2026-04-03T14:53:12,web-46,29.86
2026-03-17T17:28:10,auth-69,74.75
2026-04-17T01:09:39,app-63,21.94
2026-03-26T15:08:34,job-04,38.89
2026-05-10T21:10:37,auth-93,16.50
2026-04-01T18:11:45,db-80,53.41
2026-06-26T02:35:41,auth-76,56.44
2026-01-06T06:18:16,api-83,42.86
2026-06-18T07:49:12,job-24,5.03
2026-03-15T14:45:07,cache-28,45.47
2026-03-07T12:51:59,auth-36,75.20
2026-06-11T13:02:53,auth-33,83.49
2026-04-02T07:47:19,web-96,53.94
2026-03-09T22:56:00,app-84,6.86
2026-05-07T13:23:48,web-97,3.10
2026-02-18T00:25:25,app-03,62.13
2026-02-16T07:42:00,db-61,66.95
2026-04-20T12:17:19,app-60,69.95
2026-05-29T22:00:15,cache-22,60.59
2026-05-26T05:35:10,api-21,96.47
2026-01-21T23:46:36,web-40,57.58
2026-06-26T07:42:30,auth-51,94.15
2026-02-08T12:17:01,api-76,69.06
2026-05-02T19:09:41,app-14,69.72
2026-02-28T13:28:37,api-73,78.26
2026-03-09T10:05:12,auth-85,37.06
2026-04-09T05:56:53,cache-02,84.96
2026-06-09T16:20:23,job-14,43.35
2026-03-12T07:55:06,job-91,15.30
2026-02-04T04:51:27,svc-79,80.82
2026-04-15T12:04:03,job-60,43.56
2026-05-22T22:49:44,svc-42,85.17
2026-06-11T07:29:13,api-36,88.16
2026-02-17T08:29:09,job-73,61.03
2026-03-15T14:13:05,cache-04,49.43
2026-03-05T02:40:32,db-63,21.21
2026-06-04T22:10:05,svc-44,27.97
2026-04-26T18:17:01,svc-72,1.02
2026-02-07T02:23:14,api-31,72.01
2026-04-05T20:56:16,app-89,47.61
2026-05-19T05:25:33,job-58,79.29
2026-01-19T01:39:36,svc-29,40.44
2026-02-17T05:53:03,svc-85,58.16
2026-04-02T21:33:13,cache-55,99.66
2026-04-17T20:59:46,cache-46,70.29
2026-02-22T14:33:43,svc-33,23.05
2026-05-21T01:25:43,app-41,11.96
2026-04-15T01:18:25,db-25,21.64
2026-04-05T00:31:44,svc-93,58.96
2026-05-28T14:49:32,svc-13,83.26
2026-02-27T12:36:30,app-47,17.94
2026-01-03T17:56:10,db-36,4.55
2026-01-11T14:06:34,svc-90,94.41
2026-05-04T20:41:16,job-14,87.27
2026-04-22T11:19:59,svc-61,47.87
2026-03-08T03:48:17,db-07,25.25
2026-06-17T07:55:12,job-15,82.21
2026-03-19T19:25:55,job-10,57.70
2026-05-14T07:05:37,web-20,14.92
2026-04-20T07:01:21,svc-11,99.39
2026-01-24T00:01:27,auth-78,59.61
2026-05-01T02:02:18,app-67,38.04
2026-06-26T09:56:14,job-39,86.02
2026-03-25T06:29:30,svc-73,62.10
2026-04-29T09:05:09,api-98,20.78
2026-02-10T23:26:55,svc-85,8.12
2026-02-16T13:51:09,db-71,7.51
2026-01-01T12:28:11,auth-58,68.94
2026-04-02T05:57:03,svc-05,23.15
2026-05-18T06:39:10,svc-90,85.96
2026-01-14T19:43:18,app-34,78.78
2026-05-02T08:58:53,app-55,11.48
2026-02-13T15:41:16,db-35,82.66
2026-01-14T20:47:38,web-22,79.26
2026-04-26T13:06:22,svc-57,12.44
2026-05-14T17:28:19,svc-90,40.25
2026-02-22T20:45:33,job-57,8.04
2026-01-08T17:45:52,auth-95,32.23
2026-02-18T14:47:56,web-12,22.89
2026-05-11T22:27:29,web-98,67.23
2026-02-22T08:00:44,web-98,75.63
2026-04-02T08:41:33,job-36,18.15
2026-04-24T15:50:01,auth-82,81.42
2026-01-18T17:13:13,job-45,40.83
2026-03-04T08:14:23,api-21,32.98
2026-05-15T16:45:13,job-37,66.26
2026-03-19T18:14:33,web-59,8.81
2026-02-19T00:15:50,cache-15,97.02
2026-03-20T11:35:32,web-85,86.94
2026-03-31T16:57:56,auth-07,18.76
2026-03-12T06:00:50,job-81,44.20
2026-01-11T00:31:41,app-35,54.92
2026-02-25T22:18:47,job-90,48.47
2026-01-06T14:32:28,app-91,15.84
2026-04-17T23:05:45,web-71,40.80
2026-02-13T15:10:51,api-60,94.71
2026-05-06T18:32:45,db-64,93.27
2026-02-26T16:10:24,svc-54,83.47
2026-04-02T16:42:13,app-59,55.13
2026-03-16T11:38:25,app-77,50.82
2026-06-20T17:57:26,db-09,27.62
2026-06-03T09:41:44,auth-44,93.42
2026-04-09T14:13:44,svc-01,28.28
2026-02-27T23:22:15,job-20,44.65
2026-04-05T01:11:40,cache-43,55.19
2026-04-16T12:34:03,auth-59,93.29
2026-06-18T20:38:15,app-90,23.88
2026-03-16T08:46:24,app-53,4.36
2026-05-25T14:34:39,job-91,91.34
2026-03-16T00:39:57,auth-85,79.24
2026-05-07T14:37:43,db-64,96.48
2026-01-25T12:21:00,cache-13,87.42
2026-03-27T11:58:32,api-68,91.04
2026-01-03T23:31:29,db-53,87.09
2026-01-30T23:22:31,api-61,78.15
2026-02-21T11:05:44,cache-80,69.27
2026-05-07T04:27:29,api-43,85.23
2026-06-16T20:49:29,auth-41,62.68
2026-06-22T07:45:50,job-70,3.59
2026-01-14T06:51:49,app-81,68.44
2026-02-25T19:16:59,app-96,9.04
2026-01-20T02:46:41,api-57,16.64
2026-02-28T03:36:47,web-06,32.44
2026-01-11T21:32:04,svc-46,37.48
2026-01-29T06:24:15,app-68,41.21
2026-05-13T09:25:12,db-22,17.51
2026-04-29T08:26:15,auth-80,68.31
2026-04-07T15:17:50,db-30,46.11
2026-02-19T07:37:12,job-33,66.68
2026-06-24T13:13:02,job-37,67.76
2026-01-31T16:13:11,api-57,94.52
2026-04-25T02:16:57,svc-82,96.20
2026-05-15T01:05:38,svc-59,84.53
2026-02-08T16:25:06,auth-62,10.67
2026-03-16T01:17:11,cache-74,29.59
2026-05-16T18:52:36,svc-03,97.79
2026-05-08T19:34:23,auth-36,0.81
2026-06-17T23:30:22,web-78,74.52
2026-06-11T17:18:38,svc-30,60.71
2026-03-10T09:56:04,app-82,19.01
2026-02-18T16:00:19,db-81,9.72
2026-05-02T20:10:00,web-40,78.86
2026-01-07T11:29:23,cache-94,13.14
2026-06-26T15:10:22,svc-42,74.75
2026-02-04T02:32:31,app-17,78.65
2026-06-20T04:36:08,cache-68,50.18
2026-02-22T22:04:10,db-33,91.40
2026-04-04T13:34:25,svc-96,87.04
2026-06-06T03:59:43,api-60,96.29
2026-01-28T07:58:30,app-87,72.42
2026-03-19T04:04:18,cache-12,79.07
2026-01-03T16:51:56,svc-69,12.36
2026-03-13T13:44:01,svc-75,38.10
2026-05-04T23:51:18,cache-14,67.48
2026-04-02T13:14:29,web-80,88.42
2026-04-20T00:20:52,cache-79,22.14
2026-01-13T06:36:45,job-90,30.22
2026-03-21T06:47:47,api-18,4.53
2026-01-08T05:25:15,svc-64,11.61
2026-02-15T14:14:50,db-50,45.36
2026-05-11T04:41:32,auth-76,74.23
2026-01-31T00:07:44,auth-84,9.90
2026-04-06T00:31:20,auth-36,3.27
2026-03-13T22:47:41,app-57,44.47
2026-02-15T20:21:52,cache-13,98.09
2026-03-13T07:54:17,cache-08,39.81
2026-02-06T20:34:19,api-59,9.17
2026-02-11T04:29:05,web-07,78.68
2026-02-17T07:06:47,db-73,20.52
2026-06-11T03:13:53,app-76,21.60
2026-06-18T21:04:28,app-43,77.44
2026-06-03T03:20:46,web-36,85.84
2026-01-29T02:17:41,db-70,25.07
2026-02-03T21:12:55,api-85,86.64
2026-01-26T14:14:51,web-46,79.00
2026-02-16T04:50:29,cache-03,17.42
2026-01-11T04:11:49,db-95,42.10
2026-01-23T01:38:38,api-61,44.83
2026-03-12T07:13:26,api-58,50.38
2026-04-30T10:36:20,web-94,78.32
2026-06-18T08:25:25,svc-59,64.33
2026-01-07T01:10:21,web-62,84.73
2026-03-24T18:34:44,api-63,71.24
2026-03-28T03:09:01,api-11,32.21
2026-01-29T19:17:08,api-17,27.50
2026-05-03T22:21:04,cache-49,99.46
2026-04-14T00:34:26,svc-59,50.56
2026-03-25T12:52:27,api-90,11.44
2026-05-08T03:11:00,app-56,45.16
2026-02-14T08:51:26,auth-44,82.74
2026-03-19T10:13:02,auth-94,9.51
2026-03-24T20:51:51,cache-86,25.49
2026-01-30T15:20:56,job-09,9.12
2026-01-17T13:49:36,api-56,9.66
2026-05-24T11:02:20,cache-17,55.64
2026-04-24T21:07:31,cache-86,12.22
2026-03-10T15:53:11,auth-93,5.14
2026-02-25T20:27:00,svc-46,10.36
2026-04-09T12:42:49,app-20,65.67
2026-02-13T13:03:24,api-45,84.54
2026-03-13T08:57:31,api-98,27.86
2026-02-13T21:58:39,auth-72,97.45
2026-06-08T22:08:44,web-78,92.91
2026-06-11T01:34:02,svc-04,18.04
2026-05-17T10:48:49,svc-44,35.10
2026-02-05T05:24:40,db-73,65.73
2026-01-14T12:17:29,db-95,63.32
2026-01-06T22:52:20,api-96,53.05
2026-03-15T01:11:34,auth-59,34.09
2026-03-13T20:34:20,svc-93,32.44
2026-04-21T05:10:39,api-07,15.56
2026-05-27T11:55:33,web-87,8.16
2026-03-28T01:03:22,auth-63,60.71
2026-03-22T10:14:10,svc-28,75.49
2026-01-23T02:25:40,cache-56,11.09
2026-05-12T16:43:28,job-68,66.71
2026-01-09T19:39:36,app-51,98.44
2026-01-11T15:18:08,web-27,30.14
2026-02-11T00:25:18,db-98,25.55
2026-03-05T17:09:39,api-01,49.74
2026-03-25T14:59:52,db-17,38.02
2026-05-17T15:20:44,app-65,55.87
2026-05-10T17:19:48,cache-10,39.71
2026-05-25T02:09:47,web-56,1.87
2026-06-28T20:55:41,api-41,57.58
2026-04-22T08:14:10,auth-91,64.01
2026-02-26T05:14:19,api-52,2.09
2026-03-05T01:31:45,db-80,46.01
2026-05-14T21:48:56,cache-12,43.67
2026-01-21T13:21:28,app-56,58.89
2026-04-12T17:50:32,api-51,87.05
2026-05-25T19:42:08,cache-29,33.31
2026-02-02T15:33:18,api-66,63.32
2026-04-14T00:47:51,app-45,35.11
2026-06-09T00:34:37,db-31,10.28
2026-02-19T16:53:54,app-23,60.24
2026-05-28T14:51:36,api-23,95.13
2026-05-02T22:27:12,job-60,75.44
2026-05-28T13:17:03,job-88,92.42
2026-04-20T14:43:20,cache-81,31.61
2026-03-27T09:26:35,api-61,44.22
2026-02-28T19:14:43,svc-76,5.62
2026-04-09T12:21:40,api-40,46.17
2026-01-08T07:15:44,web-48,83.17
2026-01-15T21:35:32,api-79,59.41
2026-03-16T15:49:05,job-75,55.43
2026-06-03T18:08:18,web-58,90.90
2026-04-22T00:06:47,app-42,60.50
2026-04-08T08:32:27,db-08,45.05
2026-06-07T11:22:45,cache-92,8.43
2026-05-06T11:10:13,db-06,24.77
2026-03-27T00:06:05,job-68,52.27
2026-01-31T19:48:39,cache-48,91.79
2026-03-17T05:29:31,auth-44,67.89
2026-01-11T04:02:27,cache-09,32.97
2026-04-19T08:17:49,auth-37,25.20
2026-06-15T08:35:11,db-43,8.15
2026-05-09T20:39:23,db-45,31.02
2026-05-08T09:26:11,auth-17,59.50
2026-01-17T10:49:09,svc-72,37.67
2026-06-03T17:24:43,cache-17,67.01
2026-06-10T23:13:43,api-83,67.05
2026-04-09T17:43:41,cache-03,36.26
2026-02-05T00:05:09,app-44,94.77
2026-04-05T10:11:12,app-29,100.00
2026-01-31T02:05:48,api-38,84.44
2026-01-20T15:21:00,web-85,33.68
2026-05-29T19:15:08,db-77,37.67
2026-02-01T12:07:36,db-89,77.11
2026-06-07T02:25:01,db-93,43.77
2026-03-21T18:44:23,cache-87,71.96
2026-03-28T06:06:57,svc-97,74.85
2026-03-29T04:09:21,app-69,23.92
2026-06-07T00:27:37,job-25,36.78
2026-04-21T18:20:49,job-60,76.94
2026-06-01T02:19:15,auth-65,52.75
2026-02-01T11:14:44,app-78,13.84
2026-02-18T13:05:57,web-83,48.06
2026-03-14T01:58:25,api-92,84.59
2026-06-15T06:43:16,api-37,8.39
2026-02-01T03:06:34,svc-58,90.53
2026-01-29T14:41:40,auth-12,94.64
2026-02-13T02:46:19,job-45,93.05
2026-03-22T13:33:35,web-51,50.20
2026-02-15T18:48:19,auth-11,37.49
2026-01-06T11:21:48,cache-13,83.92
2026-05-07T05:02:10,cache-19,13.76
2026-02-25T16:57:17,job-90,83.11
2026-05-28T08:27:21,job-58,61.53
2026-06-25T21:36:06,api-03,25.59
2026-06-12T03:12:36,db-71,94.02
2026-04-29T05:35:12,auth-15,77.62
2026-02-16T03:29:01,svc-16,4.77
2026-03-23T12:31:43,job-09,11.09
2026-06-25T18:17:24,job-77,53.61
2026-05-03T17:07:24,app-92,14.36
2026-03-25T08:23:53,web-79,35.28
2026-04-21T19:29:08,auth-24,66.44
2026-01-17T14:59:23,cache-09,95.34
2026-04-16T15:36:20,web-50,87.33
2026-01-09T10:53:06,auth-48,25.37
2026-01-04T03:41:39,cache-09,34.48
2026-05-23T07:45:09,api-99,58.19
2026-05-27T22:22:45,cache-18,4.43
2026-04-17T00:36:30,cache-83,17.51
2026-06-01T07:04:03,job-90,47.85
2026-02-05T09:28:37,db-09,71.60
2026-03-30T20:56:29,web-38,20.16
2026-06-03T14:50:10,app-06,31.56
2026-03-02T05:03:30,auth-70,47.34
2026-01-08T02:39:54,app-37,35.70
2026-06-01T14:59:07,web-84,33.19
2026-01-25T04:05:44,cache-56,88.95
2026-05-25T08:03:53,job-50,33.90
2026-02-06T06:37:52,job-89,49.75
2026-06-29T11:35:56,svc-11,72.71
2026-01-16T07:49:35,auth-78,99.51
2026-02-05T00:59:17,svc-42,10.26
2026-03-05T16:13:03,svc-40,44.59
2026-05-20T08:33:05,auth-22,68.98
2026-03-10T06:19:39,job-06,72.68
2026-06-27T00:23:51,cache-79,99.82
2026-02-23T07:31:14,web-10,67.12
2026-03-20T21:04:36,cache-66,80.11
2026-05-12T22:16:58,db-04,14.28
2026-04-28T23:29:41,job-05,12.62
2026-02-15T19:49:05,cache-47,38.29
2026-04-21T03:33:05,web-78,15.34
2026-03-29T08:47:28,cache-48,44.39
2026-01-15T22:18:43,db-68,36.69
2026-03-03T01:08:32,svc-32,96.05
2026-01-06T00:45:53,db-64,51.77
2026-06-27T09:24:59,api-34,77.50
2026-05-17T17:03:14,job-28,99.64
2026-02-25T10:53:04,job-26,12.26
2026-06-15T14:27:30,api-58,17.27
2026-05-19T12:32:40,job-12,81.05
2026-06-14T04:24:52,cache-86,34.74
2026-01-13T14:38:16,svc-39,85.14
2026-05-19T05:16:15,db-47,50.88
2026-01-24T13:35:24,app-18,23.67
2026-04-06T22:18:32,web-47,55.40
2026-03-13T15:15:02,job-71,12.98
2026-06-21T16:53:13,api-09,30.93
2026-05-20T05:09:09,job-68,41.08
2026-03-21T12:05:54,api-17,97.24
2026-05-05T17:30:53,api-58,46.58
2026-04-11T11:04:20,cache-17,87.80
2026-06-01T12:17:19,db-99,96.63
2026-03-26T00:08:50,web-16,51.81
2026-03-01T01:19:23,db-21,32.27
2026-05-18T17:43:38,app-45,94.75
2026-04-11T18:14:20,svc-11,25.06
2026-05-04T07:34:49,svc-17,62.50
2026-04-30T07:26:35,api-65,64.10
2026-04-25T22:01:38,db-22,65.87
2026-05-20T22:23:31,cache-73,4.12
2026-06-17T17:30:43,web-11,4.55
2026-05-05T13:23:27,svc-84,21.08
2026-04-22T02:21:09,auth-80,63.90
2026-04-07T17:01:32,svc-83,95.67
2026-04-04T18:41:09,app-88,40.61
2026-03-30T01:40:07,api-89,5.99
2026-03-27T08:42:36,auth-62,46.44
2026-03-08T01:24:44,db-41,86.15
2026-03-04T00:07:20,cache-52,13.08
2026-03-13T22:50:32,api-41,24.17
2026-01-24T18:59:36,svc-58,24.79
2026-01-19T19:10:30,web-38,94.54
2026-06-17T19:17:43,auth-32,96.27
2026-06-25T05:04:23,db-42,93.38
2026-05-21T00:42:07,cache-25,76.31
2026-04-07T18:05:08,job-64,87.91
2026-04-07T13:54:48,web-12,94.52
2026-04-09T03:32:30,job-31,21.51
2026-03-10T12:36:37,web-07,28.14
2026-04-27T00:38:21,job-37,53.67
2026-06-14T12:06:33,api-56,13.39
2026-02-21T08:31:58,cache-98,40.33
2026-01-09T18:50:41,auth-07,57.03
2026-02-07T19:09:34,cache-71,28.86
2026-03-17T00:30:57,job-98,54.99
2026-06-10T06:13:46,api-17,97.51
2026-03-18T11:43:27,cache-44,55.78
2026-03-12T23:50:57,db-26,60.25
2026-03-19T22:35:57,web-06,3.89
2026-05-19T13:34:44,cache-61,51.93
2026-01-29T22:06:49,db-42,93.14
2026-03-03T20:27:27,db-51,99.06
2026-05-24T13:28:40,svc-76,33.64
2026-06-10T20:06:29,job-91,56.29
2026-04-03T05:09:35,web-48,33.12
2026-01-22T06:47:39,auth-75,30.77
2026-06-24T12:33:29,web-77,47.46
2026-05-08T07:16:31,app-93,5.14
2026-04-04T07:03:13,db-68,62.90
2026-05-01T08:10:41,auth-19,82.17
2026-02-17T00:43:04,web-74,94.82
2026-01-22T08:09:00,app-03,44.10
2026-03-23T07:39:27,db-53,69.05
2026-03-21T16:29:50,job-95,72.74
2026-05-18T01:09:03,db-67,20.73
2026-03-05T02:50:26,job-68,37.68
2026-02-03T15:05:18,job-69,34.23
2026-03-10T19:05:49,svc-79,48.42
2026-02-17T20:51:44,svc-72,29.85
2026-02-27T18:59:03,svc-91,20.73
2026-05-17T21:29:00,job-41,47.98
2026-04-19T20:03:41,svc-37,12.19
2026-05-12T09:17:17,auth-51,81.84
2026-05-31T02:44:27,db-38,4.21
2026-05-19T16:08:22,api-45,92.40
2026-05-08T09:03:04,svc-96,47.91
2026-02-09T05:42:18,svc-72,69.62
2026-01-27T15:44:18,api-79,74.09
2026-02-16T11:08:06,app-07,66.98
2026-04-14T02:49:57,app-82,23.28
2026-01-20T10:57:22,auth-43,71.74
2026-01-20T12:34:23,db-01,96.45
2026-01-31T16:03:31,auth-84,93.50
2026-06-20T13:38:20,job-62,65.05
2026-05-27T18:48:03,svc-42,28.54
2026-01-12T11:43:03,api-84,57.41
2026-04-14T21:59:25,web-23,41.79
2026-06-12T15:31:18,db-05,99.72
2026-03-19T02:07:43,job-24,93.66
2026-06-19T09:10:09,svc-05,0.93
2026-04-21T06:53:38,api-43,28.46
2026-05-05T12:43:56,job-18,85.11
2026-04-01T21:08:05,svc-25,80.88
2026-03-06T05:05:58,db-94,45.89
2026-02-19T22:56:28,db-02,73.66
2026-06-03T13:14:39,svc-73,67.44
2026-02-07T12:11:48,db-79,85.61
2026-06-24T04:31:20,auth-55,51.53
2026-01-17T20:13:38,auth-86,9.54
2026-01-28T07:17:55,job-42,93.58
2026-01-02T07:49:50,svc-50,23.55
2026-05-27T08:45:38,svc-43,30.19
2026-05-21T08:52:36,web-34,65.37
2026-05-15T12:32:08,app-08,66.78
2026-04-01T08:53:52,svc-21,40.54
2026-04-08T13:54:54,svc-89,11.74
2026-06-27T21:28:37,svc-48,61.46
2026-02-12T13:12:47,db-62,15.32
2026-05-26T04:41:48,cache-54,70.19
2026-06-27T05:56:30,job-97,53.75
2026-05-09T22:54:15,app-98,24.75
2026-05-27T13:20:28,api-68,44.67
2026-05-17T15:47:16,cache-10,91.72
2026-01-22T18:55:51,web-71,90.29
2026-02-09T06:07:07,db-22,32.81
2026-04-12T00:58:02,job-15,68.03
2026-05-20T05:04:47,job-12,89.89
2026-03-28T12:05:59,web-59,13.19
2026-03-22T16:01:07,job-73,5.77
2026-03-31T18:50:20,svc-93,2.18
2026-02-19T09:51:23,web-96,21.79
2026-01-15T04:20:32,web-55,34.45
2026-01-13T09:08:33,web-09,98.61
2026-04-02T16:00:40,web-37,40.89
2026-05-30T07:40:10,db-99,64.15
2026-05-22T14:44:07,auth-48,99.29
2026-03-16T06:29:03,job-49,37.56
2026-05-13T13:45:14,db-84,86.03
2026-01-24T00:52:14,db-69,39.31
2026-01-25T17:28:49,app-01,75.62
2026-02-27T22:28:20,job-87,71.91
2026-03-24T08:34:47,auth-30,24.75
2026-03-09T05:13:16,db-36,18.85
2026-06-19T22:45:56,api-05,80.95
2026-03-23T09:48:10,web-31,20.61
2026-01-20T14:12:45,web-58,59.78
2026-05-17T13:33:05,web-32,74.05
2026-03-20T02:41:32,job-30,53.98
2026-05-27T11:41:31,web-18,50.39
2026-02-26T04:03:55,app-94,57.61
2026-04-23T03:13:39,cache-31,30.18
2026-01-28T19:38:31,app-53,30.05
2026-01-12T20:04:59,db-81,67.88
2026-04-18T22:27:06,job-07,97.23
2026-05-05T22:04:12,auth-68,31.87
2026-03-22T20:12:48,auth-20,29.99
2026-02-05T16:56:17,job-31,84.93
2026-02-28T09:31:59,db-60,91.47
2026-04-20T04:54:30,auth-54,55.73
2026-01-27T00:55:03,auth-32,25.50
2026-03-06T03:08:13,api-58,84.71
2026-01-18T22:54:48,app-07,26.85
2026-05-11T19:32:19,web-10,18.82
2026-05-28T21:45:45,app-62,20.89
2026-06-26T03:04:45,cache-39,95.70
2026-01-03T23:27:36,app-25,96.21
2026-01-23T18:43:59,job-32,69.56
2026-05-17T15:47:57,app-51,91.51
2026-04-18T04:52:33,cache-37,38.07
2026-04-14T14:59:23,cache-40,26.16
2026-04-10T13:53:53,job-60,9.86
2026-05-21T06:41:28,job-98,83.97
2026-06-27T13:05:20,app-48,31.29
2026-01-09T21:02:57,app-95,14.59
2026-02-20T15:17:43,auth-38,15.24
2026-03-06T01:17:01,app-49,56.98
2026-02-17T17:11:05,job-71,65.46
2026-05-13T23:36:59,cache-33,76.34
2026-04-05T21:08:21,job-59,16.82
2026-06-04T08:51:15,cache-22,14.00
2026-04-17T03:05:25,job-24,91.69
2026-04-16T06:32:27,web-68,3.38
2026-06-14T09:53:44,api-86,4.85
2026-01-02T05:45:02,auth-18,84.25
2026-02-14T22:33:28,api-91,15.10
2026-02-12T11:18:27,job-48,6.05
2026-05-04T20:01:50,job-85,48.79
2026-01-02T06:48:56,auth-02,1.67
2026-05-21T05:39:43,svc-69,97.75
2026-01-04T07:53:25,auth-23,10.70
2026-01-19T16:51:18,db-31,19.19
2026-04-13T05:27:45,svc-46,26.73
2026-03-19T01:40:17,api-48,95.93
2026-03-31T03:05:04,app-90,22.59
2026-05-13T19:51:54,api-84,99.17
2026-05-07T04:43:39,web-12,40.53
2026-03-15T05:44:15,job-08,63.67
2026-05-17T11:29:44,db-11,49.99
2026-03-26T06:09:55,cache-73,97.73
2026-01-19T12:25:06,web-30,21.14
2026-06-18T13:43:04,job-35,4.66
2026-01-15T10:29:13,svc-70,56.35
2026-01-07T09:20:00,db-41,1.57
2026-02-10T05:25:36,db-97,82.07
2026-06-09T09:40:56,auth-10,29.93
2026-04-20T12:14:08,app-73,83.47
2026-03-17T13:36:04,cache-50,75.56
2026-01-28T04:13:01,api-65,74.55
2026-03-09T03:49:19,web-13,43.71
2026-06-12T20:30:25,api-44,60.52
2026-04-30T04:49:09,auth-42,2.96
2026-02-23T01:47:46,job-63,22.81
2026-04-18T09:20:33,auth-56,18.57
2026-04-24T18:22:33,auth-11,77.22
2026-02-27T08:34:05,app-92,7.35
2026-02-22T00:50:24,db-49,71.17
2026-05-04T02:11:32,db-95,38.96
2026-03-12T00:59:05,api-12,0.52
2026-03-01T20:37:49,job-47,76.13
2026-01-20T20:25:58,db-12,18.74
2026-03-29T03:45:47,auth-14,2.63
2026-03-10T17:21:36,api-77,59.80
2026-03-04T23:57:17,auth-02,29.18
2026-03-17T07:16:36,api-93,90.11
2026-06-25T18:34:22,app-74,52.11
2026-05-14T01:48:14,auth-22,13.88
2026-02-28T11:22:24,svc-64,14.59
2026-02-02T11:14:34,auth-36,42.11
2026-04-05T00:40:53,api-47,25.17
2026-02-17T21:11:34,job-77,61.67
2026-03-30T21:47:23,api-18,30.47
2026-03-18T20:03:29,cache-80,37.99
2026-06-17T10:08:07,cache-57,33.47
2026-06-08T08:23:28,db-39,32.07
2026-05-16T00:17:49,app-62,31.42
2026-03-19T07:55:51,cache-38,73.49
2026-05-03T21:32:21,job-74,78.20
2026-03-05T06:44:23,auth-36,81.65
2026-03-18T07:12:37,cache-15,93.21
2026-02-08T19:08:08,db-88,76.76
2026-01-06T05:26:17,job-91,20.96
2026-06-04T21:29:02,svc-89,6.92
2026-06-14T14:58:41,auth-87,49.93
2026-05-03T23:33:35,svc-31,25.27
2026-01-30T22:21:34,auth-49,7.40
2026-04-27T02:34:25,job-75,40.08
2026-04-09T08:59:09,auth-70,3.68
2026-03-11T19:31:43,api-14,76.90
2026-05-08T16:38:44,cache-22,64.70
2026-01-09T14:26:15,auth-97,33.16
2026-06-04T14:42:20,auth-14,1.05
2026-02-20T05:48:29,app-66,74.69
2026-04-19T08:26:16,app-58,37.41
2026-03-31T22:01:51,db-45,99.77
2026-04-04T17:52:34,api-38,41.60
2026-01-17T16:06:44,api-94,14.17
2026-03-02T13:30:51,cache-59,78.43
2026-04-12T04:34:16,job-45,47.62
2026-03-27T02:00:04,job-41,6.72
2026-01-09T16:14:17,api-03,84.92
2026-05-06T19:45:31,api-87,80.01
2026-05-24T18:55:52,app-67,17.45
2026-02-01T02:17:11,cache-72,42.64
2026-03-31T17:19:42,app-52,62.98
2026-02-06T04:37:33,auth-51,2.92
2026-04-30T05:56:44,app-58,59.22
2026-03-17T12:06:21,web-91,21.48
2026-02-24T01:10:51,api-74,10.18
2026-06-19T07:43:05,db-47,32.60
2026-03-30T20:20:22,api-34,67.07
2026-04-06T01:09:38,cache-77,38.86
2026-03-18T05:23:15,api-45,35.20
2026-03-30T21:47:05,db-87,70.60
2026-02-27T18:11:36,api-87,13.39
2026-01-23T21:16:30,app-40,11.69
2026-03-14T11:43:56,db-66,38.85
2026-04-26T19:32:44,db-74,38.37
2026-02-06T01:40:29,job-82,53.74
2026-06-28T11:36:02,db-72,16.69
2026-02-26T02:04:03,db-24,31.46
2026-03-29T13:49:00,web-46,95.18
2026-04-05T02:26:28,db-25,81.52
2026-04-20T01:09:43,job-53,68.47
2026-03-22T16:58:41,job-63,16.73
2026-04-20T18:56:41,web-98,22.05
2026-01-07T08:22:12,svc-29,53.76
2026-02-02T15:54:38,job-73,74.25
2026-05-29T17:26:37,job-71,51.08
2026-04-22T05:02:27,api-35,77.51
2026-06-09T20:46:33,cache-70,82.26
2026-01-09T01:55:08,job-70,21.85
2026-03-24T13:21:52,api-95,83.01
2026-05-26T21:31:25,app-39,87.48
2026-01-07T06:12:16,job-34,34.86
2026-06-08T14:13:51,api-57,86.53
2026-01-23T19:03:30,app-27,81.07
2026-04-25T03:55:26,cache-91,61.03
2026-03-25T03:24:11,db-79,13.92
2026-02-10T02:55:02,app-08,57.01
2026-04-14T08:36:29,svc-77,53.88
2026-03-04T20:20:06,svc-38,57.27
2026-06-16T14:38:53,api-18,96.28
2026-06-02T13:35:08,auth-08,99.25
2026-06-18T08:44:04,db-90,86.61
2026-02-18T11:34:49,db-92,32.21
2026-02-18T01:41:19,auth-63,14.22
2026-05-03T19:12:24,svc-81,41.42
2026-03-29T18:26:02,api-82,79.46
2026-05-30T07:15:36,api-52,51.56
2026-02-24T00:37:32,cache-59,95.03
2026-03-05T13:16:42,web-94,9.31
2026-03-31T00:31:42,cache-09,79.57
2026-03-19T05:29:25,app-55,82.48
2026-04-07T01:32:19,svc-42,82.83
2026-03-07T14:03:11,db-73,85.24
2026-06-03T01:45:40,cache-88,76.23
2026-01-09T22:06:34,api-81,78.39
2026-03-31T05:48:22,web-16,92.94
2026-01-31T16:15:23,job-59,0.07
2026-03-25T01:41:21,app-89,90.94
2026-06-21T07:06:23,svc-21,87.44
2026-06-20T05:13:44,svc-12,65.46
2026-02-18T14:53:55,api-48,66.45
2026-05-07T00:08:43,db-07,39.63
2026-03-01T07:46:34,app-55,65.55
2026-05-17T15:28:14,api-01,21.34
2026-01-16T03:13:14,db-76,22.62
2026-05-13T00:56:57,job-02,0.81
2026-03-08T17:10:17,api-55,69.40
2026-04-03T18:14:40,api-30,38.31
2026-05-22T21:36:15,api-14,31.34
2026-06-21T01:42:22,svc-18,38.27
2026-06-07T22:34:09,db-83,99.29
2026-01-28T17:44:36,api-68,56.33
2026-04-29T12:17:37,db-57,35.12
2026-02-11T08:54:37,db-53,61.61
2026-03-27T21:39:29,app-12,89.66
2026-01-28T04:30:30,api-76,73.00
2026-03-10T06:16:29,auth-41,79.11
2026-02-18T02:46:05,svc-83,8.42
2026-04-18T11:00:54,svc-89,2.68
2026-06-14T11:37:56,svc-27,51.77
2026-04-09T22:32:50,app-96,39.18
2026-05-06T11:22:09,web-31,49.49
2026-01-22T21:25:24,app-64,63.81
2026-01-14T18:56:23,web-47,93.39
2026-01-26T15:05:05,auth-73,42.09
2026-04-17T02:12:16,db-98,47.10
2026-05-30T14:10:14,api-03,58.74
2026-01-03T16:16:55,svc-28,3.98
2026-01-12T17:48:19,auth-65,28.65
2026-05-19T09:05:31,auth-55,70.18
2026-01-17T00:08:29,db-36,8.36
2026-01-16T08:16:01,app-20,53.64
2026-03-17T20:56:26,api-40,69.87
2026-05-22T17:51:09,app-08,24.45
2026-06-29T13:04:39,auth-15,45.34
2026-04-29T05:21:52,web-40,66.61
2026-05-08T18:44:46,db-16,1.27
2026-01-27T15:27:11,web-21,49.64
2026-03-09T07:45:46,svc-22,37.19
2026-05-26T14:12:40,svc-94,88.64
2026-05-30T19:07:32,web-43,80.71
2026-02-22T19:31:17,api-34,71.23
2026-04-22T23:23:29,api-64,45.52
2026-03-11T22:17:56,web-64,85.94
2026-02-02T09:43:25,cache-21,25.51
2026-01-20T23:34:17,api-30,74.08
2026-01-01T11:58:12,web-02,24.46
2026-04-02T14:34:56,cache-50,92.02
2026-02-04T18:01:06,web-71,80.31
2026-05-19T15:34:41,auth-29,32.18
2026-03-22T19:53:46,cache-35,82.60
2026-04-21T23:33:02,cache-16,50.20
2026-06-25T03:20:59,web-23,22.32
2026-04-11T03:40:53,web-52,6.89
2026-04-01T07:29:45,svc-40,32.73
2026-04-18T09:35:33,job-02,36.89
2026-02-26T14:55:53,svc-95,62.27
2026-04-01T02:03:18,cache-76,97.19
2026-05-31T00:38:19,app-94,90.04
2026-05-28T16:06:14,app-20,0.64
2026-03-21T14:54:24,web-30,54.15
2026-05-04T11:42:13,web-43,0.15
2026-05-08T15:15:28,auth-95,72.72
2026-01-21T04:26:15,app-68,98.31
2026-03-23T12:29:01,job-08,97.26
2026-01-28T15:30:30,svc-12,4.39
2026-02-14T22:44:25,auth-90,89.56
2026-03-31T00:34:09,api-75,9.56
2026-01-26T22:13:10,auth-10,59.19
2026-01-13T02:15:33,auth-85,96.42
2026-02-15T23:26:10,svc-34,85.09
2026-06-29T19:40:05,auth-90,83.19
2026-03-05T08:26:33,cache-58,27.20
2026-01-15T12:04:07,app-18,77.99
2026-04-24T12:56:13,api-20,10.57
2026-03-29T07:07:58,job-41,40.65
2026-04-15T01:35:21,cache-99,20.76
2026-03-01T20:49:05,job-34,85.25
2026-01-18T13:23:30,db-88,30.42
2026-05-17T20:09:44,web-28,83.59
2026-03-05T15:37:45,db-12,71.12
2026-03-11T01:52:53,auth-66,4.90
2026-02-28T00:41:55,svc-23,3.11
2026-03-20T12:36:15,job-72,74.81
2026-02-18T12:23:51,api-60,10.19
2026-06-04T03:25:17,db-16,1.20
2026-06-11T05:48:55,app-17,19.81
2026-03-19T18:50:47,cache-88,63.03
2026-05-06T04:26:59,api-75,58.61
2026-06-28T03:31:37,api-03,99.72
2026-02-08T09:35:00,job-17,9.20
2026-06-14T12:35:22,cache-16,4.27
2026-03-31T12:23:31,web-22,92.41
2026-03-26T02:39:18,auth-64,2.95
2026-05-13T16:00:10,auth-23,35.39
2026-06-26T09:00:16,db-36,27.99
2026-06-21T13:03:11,db-05,61.41
2026-04-30T19:19:19,app-83,29.51
2026-03-22T00:01:22,job-08,8.77
2026-03-16T08:58:50,db-54,19.95
2026-06-21T18:46:46,app-81,99.41
2026-04-16T13:37:25,web-49,78.19
2026-03-11T17:35:01,job-70,78.14
2026-03-08T19:18:54,cache-50,27.04
2026-01-06T01:27:44,cache-77,21.90
2026-06-23T22:33:59,svc-08,80.87
2026-04-02T14:12:30,cache-99,58.40
2026-02-15T04:45:00,db-13,24.79
2026-02-16T19:51:12,svc-69,81.63
2026-06-28T02:44:20,web-98,99.64
2026-02-12T14:31:55,auth-46,93.52
2026-06-14T03:00:53,db-23,23.66
2026-03-03T18:00:27,cache-76,2.82
2026-05-17T00:50:59,cache-73,56.36
2026-04-20T08:16:39,app-64,54.21
2026-02-04T02:09:13,job-05,9.03
2026-02-15T04:06:12,app-03,52.64
2026-01-01T03:11:07,cache-79,20.15
2026-01-26T08:07:31,cache-92,17.75
2026-06-05T19:34:08,cache-08,2.19
2026-04-24T21:47:48,db-15,84.65
2026-06-17T03:00:37,cache-10,37.36
2026-05-09T13:47:38,auth-76,10.10
2026-02-28T14:19:39,cache-18,97.59
2026-05-23T05:00:28,auth-82,96.07
2026-05-07T01:23:57,cache-23,70.72
2026-04-20T03:00:14,cache-29,66.55
2026-06-08T03:37:54,db-49,30.68
2026-05-14T16:38:07,svc-17,17.77
2026-01-01T08:22:43,auth-99,96.52
2026-01-07T06:54:52,db-78,31.82
2026-06-07T01:18:48,app-82,56.56
2026-04-07T08:23:23,db-43,74.53
2026-02-16T05:08:29,cache-41,16.79
2026-06-21T21:53:29,api-91,67.00
2026-05-22T14:43:07,cache-58,1.14
2026-02-10T17:11:58,app-89,6.78
2026-02-19T20:06:45,api-93,0.13
2026-03-16T22:35:50,job-94,41.97
2026-02-02T07:11:35,auth-64,88.18
2026-03-10T04:51:21,auth-13,82.88
2026-06-03T03:44:53,app-21,45.13
2026-06-05T04:30:59,web-38,2.01
2026-02-20T16:56:35,api-10,34.18
2026-06-22T10:03:34,auth-21,73.20
2026-04-17T05:25:13,api-44,59.40
2026-04-30T03:47:30,job-91,3.10
2026-05-07T22:09:38,db-78,88.98
2026-01-31T12:09:24,web-13,33.11
2026-02-06T21:23:26,auth-90,55.41
2026-06-29T17:29:08,svc-85,28.15
2026-02-16T03:03:18,api-07,39.29
2026-04-17T17:36:48,job-20,5.45
2026-01-01T17:46:54,auth-12,29.45
2026-05-09T13:14:16,job-26,9.70
2026-02-10T04:28:14,db-82,29.18
2026-01-16T21:50:59,job-15,30.84
2026-03-19T04:19:55,job-63,89.49
2026-02-21T11:00:36,api-83,54.41
2026-02-05T21:36:32,cache-49,36.94
2026-03-28T13:27:48,web-34,43.97
2026-02-21T03:32:12,app-35,56.42
2026-01-30T08:19:11,api-11,66.81
2026-06-06T22:23:33,auth-97,58.97
2026-04-18T11:58:18,web-50,81.84
2026-03-23T06:58:00,job-74,88.17
2026-04-03T11:32:35,svc-11,39.48
2026-06-15T19:38:52,web-65,57.12
2026-04-11T08:32:37,db-16,94.93
2026-03-29T04:40:36,db-22,97.22
2026-06-06T23:42:00,app-17,4.27
2026-01-16T05:13:25,auth-26,99.73
2026-05-02T19:05:09,db-77,25.79
2026-06-26T20:39:23,api-12,38.81
2026-03-19T03:48:30,cache-36,51.97
2026-06-28T02:17:03,web-90,62.31
2026-04-12T11:18:55,auth-15,41.44
2026-01-29T18:39:39,api-14,56.27
2026-01-20T14:38:58,svc-69,88.01
2026-06-20T11:16:49,auth-34,38.30
2026-04-05T06:59:20,job-05,17.22
2026-03-20T05:59:41,db-80,60.87
2026-05-15T16:41:44,auth-05,39.58
2026-06-20T16:14:22,cache-89,23.76
2026-05-25T19:26:45,job-35,89.70
2026-01-04T22:17:31,cache-39,31.09
2026-06-13T15:56:58,job-90,68.49
2026-06-18T17:22:03,app-18,30.05
2026-05-25T10:00:12,job-42,26.94
2026-03-22T22:18:06,api-25,44.17
2026-06-27T08:54:19,auth-95,48.45
2026-04-11T07:04:15,cache-08,51.53
2026-01-31T20:51:55,api-40,70.96
2026-03-20T07:54:39,db-68,87.93
2026-01-06T14:54:29,db-25,87.52
2026-02-08T23:27:16,web-32,3.31
2026-01-10T19:37:23,cache-91,19.91
2026-03-13T12:38:39,job-65,39.69
2026-06-29T05:50:04,api-88,3.06
2026-03-14T07:49:15,job-77,44.61
2026-06-19T00:44:03,job-76,55.13
2026-03-08T20:18:59,db-34,74.90
2026-05-14T18:16:34,api-37,2.75
